date,stress_score,stress_level,n_indicators,Diesel_Sales_Prices,Truck_Spot_Rates,Containerships_Await,Freight_Transportati,Inventory_to_Sales_R
2020-01-05,0.6828314997104805,HIGH,3,,0.45222929936305734,,0.9583333333333334,0.7916666666666666
2020-01-12,0.6785589764862041,HIGH,4,0.7596153846153846,0.34810126582278483,,0.9583333333333334,0.7916666666666666
2020-01-19,0.6413467075945763,MEDIUM,4,0.5377358490566038,0.22641509433962265,,0.9583333333333334,0.7916666666666666
2020-01-26,0.5979262633348211,MEDIUM,4,0.2777777777777778,0.16875,,0.9583333333333334,0.7916666666666666
2020-02-02,0.5379072918950175,MEDIUM,4,0.2,0.15527950310559005,,1.0,0.7692307692307693
2020-02-09,0.4643246980477217,MEDIUM,4,0.0,0.15432098765432098,,1.0,0.7692307692307693
2020-02-16,0.41822815158356547,MEDIUM,4,0.0,0.16257668711656442,,1.0,0.7692307692307693
2020-02-23,0.3980593978377347,LOW,4,0.0,0.17682926829268292,,1.0,0.7692307692307693
2020-03-01,0.3995864034408273,LOW,4,0.0,0.23636363636363636,,1.0,1.0
2020-03-08,0.42752660084011096,MEDIUM,4,0.0,0.37349397590361444,,1.0,1.0
2020-03-15,0.46914934137838316,MEDIUM,4,0.0,0.5568862275449101,,1.0,1.0
2020-03-22,0.511259749390087,MEDIUM,4,0.0,0.5773809523809523,,1.0,1.0
2020-03-29,0.5260778639678169,MEDIUM,4,0.0,0.4260355029585799,,1.0,1.0
2020-04-05,0.5056302647474059,MEDIUM,4,0.0,0.11176470588235295,,1.0,1.0
2020-04-12,0.4634941422555474,MEDIUM,4,0.0,0.017543859649122806,,1.0,1.0
2020-04-19,0.41838625535078555,MEDIUM,4,0.0,0.0,,1.0,1.0
2020-04-26,0.38555382127752225,LOW,4,0.0,0.005780346820809248,,1.0,1.0
2020-05-03,0.3732077998948312,LOW,4,0.0,0.028735632183908046,,0.9375,0.9375
2020-05-10,0.371781382288315,LOW,4,0.0,0.07428571428571429,,0.9375,0.9375
2020-05-17,0.3761315243337695,LOW,4,0.0,0.13068181818181818,,0.9375,0.9375
2020-05-24,0.3865931586084503,LOW,4,0.0,0.21468926553672316,,0.9375,0.9375
2020-05-31,0.40891464723796506,MEDIUM,4,0.013888888888888888,0.300561797752809,,0.9375,0.9375
2020-06-07,0.40209869765033557,MEDIUM,4,0.00684931506849315,0.3463687150837989,,0.8823529411764706,0.38235294117647056
2020-06-14,0.404831005702037,MEDIUM,4,0.05405405405405406,0.4777777777777778,,0.8823529411764706,0.38235294117647056
2020-06-21,0.4121010772495951,MEDIUM,4,0.08,0.5939226519337016,,0.8823529411764706,0.38235294117647056
2020-06-28,0.42106785922027207,MEDIUM,4,0.09210526315789473,0.7032967032967034,,0.8823529411764706,0.38235294117647056
2020-07-05,0.43259850369293457,MEDIUM,4,0.1038961038961039,0.6557377049180327,,0.8333333333333334,0.0
2020-07-12,0.4368145659982312,MEDIUM,4,0.12179487179487179,0.7228260869565217,,0.8333333333333334,0.0
2020-07-19,0.43309896216460564,MEDIUM,4,0.13924050632911392,0.745945945945946,,0.8333333333333334,0.0
2020-07-26,0.42169063629466974,MEDIUM,4,0.1125,0.7956989247311828,,0.8333333333333334,0.0
2020-08-02,0.4364808368630777,MEDIUM,4,0.09876543209876543,0.8449197860962567,,0.8421052631578947,0.0
2020-08-09,0.44614237024354375,MEDIUM,4,0.08536585365853659,0.8776595744680851,,0.8421052631578947,0.0
2020-08-16,0.45790889707037424,MEDIUM,4,0.12048192771084337,0.91005291005291,,0.8421052631578947,0.0
2020-08-23,0.4710381320782568,MEDIUM,4,0.1130952380952381,0.9578947368421052,,0.8421052631578947,0.0
2020-08-30,0.48125559474862467,MEDIUM,4,0.10588235294117647,0.9685863874345549,,0.8421052631578947,0.0
2020-09-06,0.49765966294341923,MEDIUM,4,0.20930232558139536,0.9739583333333334,,0.8,0.025
2020-09-13,0.5059181833882367,MEDIUM,4,0.1724137931034483,0.9740932642487047,,0.8,0.025
2020-09-20,0.504173946279826,MEDIUM,4,0.07954545454545454,0.979381443298969,,0.8,0.025
2020-09-27,0.503298288623153,MEDIUM,4,0.07865168539325842,0.9948717948717949,,0.8,0.025
2020-10-04,0.49049660378376175,MEDIUM,4,0.03888888888888889,0.9897959183673469,,0.7619047619047619,0.047619047619047616
2020-10-11,0.4780594584462818,MEDIUM,4,0.02197802197802198,0.9746192893401016,,0.7619047619047619,0.047619047619047616
2020-10-18,0.4754580325768427,MEDIUM,4,0.06521739130434782,0.9696969696969697,,0.7619047619047619,0.047619047619047616
2020-10-25,0.47111613760318805,MEDIUM,4,0.03225806451612903,0.9949748743718593,,0.7619047619047619,0.047619047619047616
2020-11-01,0.46782501528304793,MEDIUM,4,0.0,0.995,,0.7272727272727273,0.06818181818181818
2020-11-08,0.467042671991033,MEDIUM,4,0.0,0.9950248756218906,,0.7272727272727273,0.06818181818181818
2020-11-15,0.4644692928678916,MEDIUM,4,0.010416666666666666,1.0,,0.7272727272727273,0.06818181818181818
2020-11-22,0.4846364753413404,MEDIUM,4,0.29381443298969073,1.0,,0.7272727272727273,0.06818181818181818
2020-11-29,0.508176985295322,MEDIUM,4,0.30612244897959184,0.9901960784313726,,0.7272727272727273,0.06818181818181818
2020-12-06,0.5204906982856501,MEDIUM,4,0.32323232323232326,0.9414634146341463,,0.6086956521739131,0.0
2020-12-13,0.5325548546331852,MEDIUM,4,0.34,0.9368932038834952,,0.6086956521739131,0.0
2020-12-20,0.5286928135868012,MEDIUM,4,0.3564356435643564,1.0,,0.6086956521739131,0.0
2020-12-27,0.5258939976671528,MEDIUM,4,0.37254901960784315,1.0,,0.6086956521739131,0.0
2021-01-03,0.5255048971637871,MEDIUM,4,0.3786407766990291,0.9712918660287081,,0.45833333333333337,0.0
2021-01-10,0.5194319826473376,MEDIUM,4,0.38461538461538464,0.9047619047619048,,0.45833333333333337,0.0
2021-01-17,0.5061604370470353,MEDIUM,4,0.4,0.8767772511848341,,0.45833333333333337,0.0
2021-01-24,0.49101211779829396,MEDIUM,4,0.4056603773584906,0.8632075471698113,,0.45833333333333337,0.0
2021-01-31,0.4849796692015073,MEDIUM,4,0.411214953271028,0.8615023474178404,,0.45833333333333337,0.0
2021-02-07,0.504983834001963,MEDIUM,4,0.42592592592592593,0.8785046728971962,,0.8,0.06
2021-02-14,0.5344221744865594,MEDIUM,4,0.43119266055045874,0.9813953488372092,,0.8,0.06
2021-02-21,0.5673946667043346,MEDIUM,4,0.45454545454545453,0.9953703703703703,,0.8,0.06
2021-02-28,0.6071464823177465,MEDIUM,4,0.5405405405405406,1.0,,0.8,0.06
2021-03-07,0.6353044358843977,MEDIUM,4,0.8392857142857143,0.9954128440366973,,0.5769230769230769,0.0
2021-03-14,0.6634218016334424,HIGH,4,0.9469026548672567,0.9954337899543378,,0.5769230769230769,0.0
2021-03-21,0.6931278970426629,HIGH,4,1.0,1.0,,0.5769230769230769,0.0
2021-03-28,0.7157539365437023,HIGH,4,1.0,1.0,,0.5769230769230769,0.0
2021-04-04,0.7170026933552508,HIGH,4,0.9568965517241379,0.9954954954954955,,0.40740740740740744,0.0
2021-04-11,0.7075519962104013,HIGH,4,0.9230769230769231,1.0,,0.40740740740740744,0.0
2021-04-18,0.6916610339476171,HIGH,4,0.8983050847457628,1.0,,0.40740740740740744,0.0
2021-04-25,0.6751803230735238,HIGH,4,0.8907563025210085,1.0,,0.40740740740740744,0.0
2021-05-02,0.677799123947982,HIGH,4,0.8875,1.0,,0.5357142857142857,0.03571428571428571
2021-05-09,0.6843949586688167,HIGH,4,0.9090909090909091,1.0,,0.5357142857142857,0.03571428571428571
2021-05-16,0.698576301527242,HIGH,4,0.9836065573770492,0.9978070175438597,,0.5357142857142857,0.03571428571428571
2021-05-23,0.7147994574562804,HIGH,4,1.0,1.0,,0.5357142857142857,0.03571428571428571
2021-05-30,0.7225694982171499,HIGH,4,1.0,0.9869565217391304,,0.5357142857142857,0.03571428571428571
2021-06-06,0.7319062462392427,HIGH,4,1.0,0.9783549783549783,,0.6379310344827587,0.017241379310344827
2021-06-13,0.7356000748611083,HIGH,4,1.0,0.978448275862069,,0.6379310344827587,0.017241379310344827
2021-06-20,0.7391902670427613,HIGH,4,1.0,0.9957081545064378,,0.6379310344827587,0.017241379310344827
2021-06-27,0.7441347813927291,HIGH,4,1.0,1.0,,0.6379310344827587,0.017241379310344827
2021-07-04,0.7515008950036841,HIGH,4,1.0,0.9957446808510638,,0.7,0.08333333333333333
2021-07-11,0.7578680140130354,HIGH,4,1.0,0.9830508474576272,,0.7,0.08333333333333333
2021-07-18,0.7615737267439804,HIGH,4,1.0,0.9662447257383966,,0.7,0.08333333333333333
2021-07-25,0.7649552194272605,HIGH,4,1.0,0.9663865546218487,,0.7,0.08333333333333333
2021-08-01,0.7714853990721307,HIGH,4,0.9924812030075187,0.9665271966527197,,0.8387096774193549,0.14516129032258066
2021-08-08,0.7791173053107401,HIGH,4,1.0,0.9604166666666667,,0.8387096774193549,0.14516129032258066
2021-08-15,0.7870100626523328,HIGH,4,0.9925925925925926,0.9543568464730291,,0.8387096774193549,0.14516129032258066
2021-08-22,0.796596095312531,HIGH,4,0.9852941176470589,0.9834710743801653,,0.8387096774193549,0.14516129032258066
2021-08-29,0.7954852737102936,HIGH,4,0.948905109489051,0.9958847736625515,,0.8387096774193549,0.14516129032258066
2021-09-05,0.7900034102195691,HIGH,4,0.9637681159420289,0.9918032786885246,,0.6875,0.1875
2021-09-12,0.7890446586796642,HIGH,4,1.0,1.0,,0.6875,0.1875
2021-09-19,0.7858235157253484,HIGH,4,0.9928571428571429,1.0,,0.6875,0.1875
2021-09-26,0.7850334794912261,HIGH,4,1.0,1.0,,0.6875,0.1875
2021-10-03,0.7798442736698785,HIGH,4,1.0,0.9959677419354839,,0.5454545454545454,0.15151515151515152
2021-10-10,0.7699303281149315,HIGH,4,1.0,0.9799196787148594,,0.5454545454545454,0.15151515151515152
2021-10-17,0.7593306933746716,HIGH,4,1.0,0.964,,0.5454545454545454,0.15151515151515152
2021-10-24,0.7481842280994091,HIGH,4,1.0,0.9641434262948207,,0.5454545454545454,0.15151515151515152
2021-10-31,0.7484992482606994,HIGH,4,1.0,1.0,,0.5454545454545454,0.15151515151515152
2021-11-07,0.7424398918219239,HIGH,4,1.0,0.9940711462450593,,0.38235294117647056,0.16176470588235295
2021-11-14,0.7377798732421943,HIGH,4,1.0,0.9960629921259843,,0.38235294117647056,0.16176470588235295
2021-11-21,0.7334162282233394,HIGH,4,1.0,1.0,,0.38235294117647056,0.16176470588235295
2021-11-28,0.7243836126025172,HIGH,4,0.98,0.99609375,,0.38235294117647056,0.16176470588235295
2021-12-05,0.7254584193758449,HIGH,4,0.9735099337748344,0.9922178988326849,,0.34285714285714286,0.2714285714285714
2021-12-12,0.7253656245332767,HIGH,4,0.9605263157894737,0.9922480620155039,,0.34285714285714286,0.2714285714285714
2021-12-19,0.7245697853642756,HIGH,4,0.9477124183006536,1.0,,0.34285714285714286,0.2714285714285714
2021-12-26,0.7251608425435394,HIGH,4,0.9415584415584416,1.0,,0.34285714285714286,0.2714285714285714
2022-01-02,0.7145373940147066,HIGH,4,0.9354838709677419,0.9961685823754789,,0.19444444444444442,0.25
2022-01-09,0.7044585850994184,HIGH,4,0.9294871794871795,0.9961832061068703,,0.19444444444444442,0.25
2022-01-16,0.6960072447122467,HIGH,4,0.9490445859872612,0.9923954372623575,,0.19444444444444442,0.25
2022-01-23,0.6896486557142194,HIGH,4,0.9810126582278481,0.9810606060606061,,0.19444444444444442,0.25
2022-01-30,0.693219439872252,HIGH,4,1.0,0.9773584905660377,,0.19444444444444442,0.25
2022-02-06,0.6932402271522926,HIGH,4,1.0,0.9736842105263158,,0.06756756756756754,0.2972972972972973
2022-02-13,0.6917441085730858,HIGH,4,1.0,0.9700374531835206,,0.06756756756756754,0.2972972972972973
2022-02-20,0.6883532412614888,HIGH,4,1.0,0.9664179104477612,,0.06756756756756754,0.2972972972972973
2022-02-27,0.6834875413002874,HIGH,4,1.0,0.9628252788104089,,0.06756756756756754,0.2972972972972973
2022-03-06,0.6795195519293376,HIGH,4,1.0,0.9444444444444444,,0.02631578947368418,0.3026315789473684
2022-03-13,0.670951651002649,HIGH,4,1.0,0.8819188191881919,,0.02631578947368418,0.3026315789473684
2022-03-20,0.6586793029266433,HIGH,4,1.0,0.8308823529411765,,0.02631578947368418,0.3026315789473684
2022-03-27,0.6459820394274274,MEDIUM,4,0.9940119760479041,0.8278388278388278,,0.02631578947368418,0.3026315789473684
2022-04-03,0.6411844404693946,MEDIUM,4,0.9940476190476191,0.8248175182481752,,0.07692307692307687,0.358974358974359
2022-04-10,0.6391573518293456,MEDIUM,4,0.9881656804733728,0.8036363636363636,,0.07692307692307687,0.358974358974359
2022-04-17,0.638844083066683,MEDIUM,4,0.9764705882352941,0.7862318840579711,,0.07692307692307687,0.358974358974359
2022-04-24,0.6384613259520079,MEDIUM,4,0.9766081871345029,0.776173285198556,,0.07692307692307687,0.358974358974359
2022-05-01,0.6358801775101637,MEDIUM,4,0.9883720930232558,0.7589928057553957,,0.09999999999999998,0.4
2022-05-08,0.6321889809723482,MEDIUM,4,1.0,0.7060931899641577,,0.09999999999999998,0.4
2022-05-15,0.6355964973024588,MEDIUM,4,1.0,0.7678571428571429,,0.09999999999999998,0.4
2022-05-22,0.6393972046802359,MEDIUM,4,0.9942857142857143,0.7686832740213523,,0.09999999999999998,0.4
2022-05-29,0.6399619634041596,MEDIUM,4,0.9886363636363636,0.7659574468085106,,0.09999999999999998,0.4
2022-06-05,0.6386667683299918,MEDIUM,4,0.9830508474576272,0.7137809187279152,,0.08536585365853655,0.4024390243902439
2022-06-12,0.6311982721394338,MEDIUM,4,1.0,0.6795774647887324,,0.08536585365853655,0.4024390243902439
2022-06-19,0.6239253753408667,MEDIUM,4,1.0,0.6771929824561403,,0.08536585365853655,0.4024390243902439
2022-06-26,0.6182144616842716,MEDIUM,4,1.0,0.6888111888111889,,0.08536585365853655,0.4024390243902439
2022-07-03,0.6304024102213016,MEDIUM,4,0.994475138121547,0.6724738675958188,,0.23809523809523814,0.5595238095238095
2022-07-10,0.6416567256273663,MEDIUM,4,0.978021978021978,0.6597222222222222,,0.23809523809523814,0.5595238095238095
2022-07-17,0.6509503905528202,HIGH,4,0.9562841530054644,0.6539792387543253,,0.23809523809523814,0.5595238095238095
2022-07-24,0.6579049875970665,HIGH,4,0.9402173913043478,0.6517241379310345,,0.23809523809523814,0.5595238095238095
2022-07-31,0.6584439476958439,HIGH,5,0.9351351351351351,0.6460481099656358,0.7884615384615384,0.23809523809523814,0.5595238095238095
2022-08-07,0.6529546853288077,HIGH,5,0.9086021505376344,0.6352739726027398,0.7264150943396226,0.13953488372093026,0.5813953488372093
2022-08-14,0.627556513817553,MEDIUM,5,0.8877005347593583,0.6177474402730375,0.3333333333333333,0.13953488372093026,0.5813953488372093
2022-08-21,0.6072518907271683,MEDIUM,5,0.8829787234042553,0.5986394557823129,0.43636363636363634,0.13953488372093026,0.5813953488372093
2022-08-28,0.5759187914284906,MEDIUM,5,0.8783068783068783,0.5711864406779661,0.38392857142857145,0.13953488372093026,0.5813953488372093
2022-09-04,0.5542524305975516,MEDIUM,5,0.9,0.543918918918919,0.4473684210526316,0.09090909090909094,0.5909090909090909
2022-09-11,0.5647574395784555,MEDIUM,5,0.8900523560209425,0.5218855218855218,0.6896551724137931,0.09090909090909094,0.5909090909090909
2022-09-18,0.5524945246686972,MEDIUM,5,0.8802083333333334,0.5201342281879194,0.3220338983050847,0.09090909090909094,0.5909090909090909
2022-09-25,0.5457564766238706,MEDIUM,5,0.8704663212435233,0.5484949832775919,0.31666666666666665,0.09090909090909094,0.5909090909090909
2022-10-02,0.5398418910699346,MEDIUM,5,0.8556701030927835,0.5366666666666666,0.20491803278688525,0.34444444444444444,0.5888888888888889
2022-10-09,0.5173942970014704,MEDIUM,5,0.8461538461538461,0.47840531561461797,0.16129032258064516,0.34444444444444444,0.5888888888888889
2022-10-16,0.5176665074924136,MEDIUM,5,0.9285714285714286,0.4304635761589404,0.19047619047619047,0.34444444444444444,0.5888888888888889
2022-10-23,0.5136972575921823,MEDIUM,5,0.9390862944162437,0.41254125412541254,0.1328125,0.34444444444444444,0.5888888888888889
2022-10-30,0.5043295495003377,MEDIUM,5,0.9393939393939394,0.41776315789473684,0.06153846153846154,0.34444444444444444,0.5888888888888889
2022-11-06,0.5174549204218895,MEDIUM,5,0.9296482412060302,0.3836065573770492,0.15151515151515152,0.6413043478260869,0.6739130434782609
2022-11-13,0.5195383824658875,MEDIUM,5,0.93,0.38562091503267976,0.0,0.6413043478260869,0.6739130434782609
2022-11-20,0.5270604895173087,MEDIUM,5,0.9203980099502488,0.4169381107491857,0.014705882352941176,0.6413043478260869,0.6739130434782609
2022-11-27,0.537903511837794,MEDIUM,5,0.905940594059406,0.4448051948051948,0.0,0.6413043478260869,0.6739130434782609
2022-12-04,0.5357137431786638,MEDIUM,5,0.8817733990147784,0.4336569579288026,0.014285714285714285,0.574468085106383,0.8617021276595744
2022-12-11,0.5399477431896876,MEDIUM,5,0.8382352941176471,0.4612903225806452,0.014084507042253521,0.574468085106383,0.8617021276595744
2022-12-18,0.5490916029006735,MEDIUM,5,0.8048780487804879,0.6012861736334405,0.020833333333333332,0.574468085106383,0.8617021276595744
2022-12-25,0.5625356322823275,MEDIUM,5,0.8009708737864077,0.6923076923076923,0.0,0.574468085106383,0.8617021276595744
2023-01-01,0.547721969516561,MEDIUM,5,0.7971014492753623,0.6373801916932907,0.013513513513513514,0.25,0.59375
2023-01-08,0.5310208908174042,MEDIUM,5,0.7980769230769231,0.5796178343949044,0.02666666666666667,0.25,0.59375
2023-01-15,0.5022522244477974,MEDIUM,5,0.7942583732057417,0.5079365079365079,0.019736842105263157,0.25,0.59375
2023-01-22,0.46454849263266096,MEDIUM,5,0.7857142857142857,0.44936708860759494,0.012987012987012988,0.25,0.59375
2023-01-29,0.45217568829271726,MEDIUM,5,0.8056872037914692,0.4416403785488959,0.0,0.25,0.59375
2023-02-05,0.43567931743641664,MEDIUM,5,0.8066037735849056,0.42452830188679247,0.0,0.020408163265306145,0.6632653061224489
2023-02-12,0.42161629315581967,MEDIUM,5,0.784037558685446,0.3949843260188088,0.0125,0.020408163265306145,0.6632653061224489
2023-02-19,0.41281259090169276,MEDIUM,5,0.7710280373831776,0.4,0.037037037037037035,0.020408163265306145,0.6632653061224489
2023-02-26,0.40598922870831455,MEDIUM,5,0.7674418604651163,0.4423676012461059,0.03048780487804878,0.020408163265306145,0.6632653061224489
2023-03-05,0.4175105008535887,MEDIUM,5,0.7638888888888888,0.4161490683229814,0.012048192771084338,0.19999999999999996,0.86
2023-03-12,0.43056721354983346,MEDIUM,5,0.7603686635944701,0.4117647058823529,0.0,0.19999999999999996,0.86
2023-03-19,0.4402844495137679,MEDIUM,5,0.7568807339449541,0.3734567901234568,0.0,0.19999999999999996,0.86
2023-03-26,0.4475235669657976,MEDIUM,5,0.7534246575342466,0.36615384615384616,0.005813953488372093,0.19999999999999996,0.86
2023-04-02,0.4441232098325721,MEDIUM,5,0.75,0.34662576687116564,0.034482758620689655,0.33333333333333337,0.7450980392156863
2023-04-09,0.44076203810357045,MEDIUM,5,0.746606334841629,0.3425076452599388,0.022727272727272728,0.33333333333333337,0.7450980392156863
2023-04-16,0.4383904068242962,MEDIUM,5,0.7387387387387387,0.3201219512195122,0.028089887640449437,0.33333333333333337,0.7450980392156863
2023-04-23,0.4394722125339473,MEDIUM,5,0.7488789237668162,0.3282674772036474,0.06666666666666667,0.33333333333333337,0.7450980392156863
2023-04-30,0.4411063376333384,MEDIUM,5,0.7321428571428571,0.3303030303030303,0.10989010989010989,0.33333333333333337,0.7450980392156863
2023-05-07,0.4426667899175191,MEDIUM,5,0.72,0.3293051359516616,0.05434782608695652,0.40384615384615385,0.7403846153846154
2023-05-14,0.45138853669629064,MEDIUM,5,0.7123893805309734,0.45180722891566266,0.021505376344086023,0.40384615384615385,0.7403846153846154
2023-05-21,0.4558864381070434,MEDIUM,5,0.7092511013215859,0.4069069069069069,0.05851063829787234,0.40384615384615385,0.7403846153846154
2023-05-28,0.4627936703975648,MEDIUM,5,0.706140350877193,0.45209580838323354,0.07894736842105263,0.40384615384615385,0.7403846153846154
2023-06-04,0.4670214143332681,MEDIUM,5,0.7030567685589519,0.44776119402985076,0.09895833333333333,0.2924528301886793,0.7358490566037735
2023-06-11,0.4620095722680877,MEDIUM,5,0.6956521739130435,0.37202380952380953,0.12886597938144329,0.2924528301886793,0.7358490566037735
2023-06-18,0.45829094698083706,MEDIUM,5,0.6926406926406926,0.3620178041543027,0.14795918367346939,0.2924528301886793,0.7358490566037735
2023-06-25,0.4567460821027749,MEDIUM,5,0.6982758620689655,0.4467455621301775,0.15151515151515152,0.2924528301886793,0.7358490566037735
2023-07-02,0.44041487101457344,MEDIUM,5,0.6952789699570815,0.36283185840707965,0.09,0.14814814814814814,0.6111111111111112
2023-07-09,0.43251416482118976,MEDIUM,5,0.6794871794871795,0.34411764705882353,0.22772277227722773,0.14814814814814814,0.6111111111111112
2023-07-16,0.41803847776577513,MEDIUM,5,0.6978723404255319,0.31085043988269795,0.11764705882352941,0.14814814814814814,0.6111111111111112
2023-07-23,0.40175717253765375,MEDIUM,5,0.6970338983050848,0.30701754385964913,0.20388349514563106,0.14814814814814814,0.6111111111111112
2023-07-30,0.4037508788182263,MEDIUM,5,0.7215189873417721,0.282798833819242,0.1971153846153846,0.14814814814814814,0.6111111111111112
2023-08-06,0.40837814535636446,MEDIUM,5,0.7647058823529411,0.25872093023255816,0.22857142857142856,0.3545454545454545,0.5272727272727272
2023-08-13,0.41426520378148574,MEDIUM,5,0.7740585774058577,0.23623188405797102,0.14150943396226415,0.3545454545454545,0.5272727272727272
2023-08-20,0.4126475455213148,MEDIUM,5,0.7916666666666666,0.23121387283236994,0.056074766355140186,0.3545454545454545,0.5272727272727272
2023-08-27,0.41275363939763554,MEDIUM,5,0.7925311203319502,0.2680115273775216,0.037037037037037035,0.3545454545454545,0.5272727272727272
2023-09-03,0.40119091354767733,MEDIUM,5,0.7975206611570248,0.25,0.13302752293577982,0.2053571428571429,0.45535714285714285
2023-09-10,0.40253828735931374,MEDIUM,5,0.7983539094650206,0.23209169054441262,0.3090909090909091,0.2053571428571429,0.45535714285714285
2023-09-17,0.4057737686271612,MEDIUM,5,0.8114754098360656,0.20285714285714285,0.2972972972972973,0.2053571428571429,0.45535714285714285
2023-09-24,0.4097850499137303,MEDIUM,5,0.8326530612244898,0.21652421652421652,0.2972972972972973,0.2053571428571429,0.45535714285714285
2023-10-01,0.4159596444396926,MEDIUM,5,0.8170731707317073,0.19318181818181818,0.27232142857142855,0.16666666666666663,0.5350877192982456
2023-10-08,0.414909066676607,MEDIUM,5,0.8178137651821862,0.1813031161473088,0.29646017699115046,0.16666666666666663,0.5350877192982456
2023-10-15,0.413713260212299,MEDIUM,5,0.7862903225806451,0.1694915254237288,0.3157894736842105,0.16666666666666663,0.5350877192982456
2023-10-22,0.4013960237544823,MEDIUM,5,0.7730923694779116,0.11830985915492957,0.21739130434782608,0.16666666666666663,0.5350877192982456
2023-10-29,0.4029910108694548,MEDIUM,5,0.804,0.19101123595505617,0.3232758620689655,0.16666666666666663,0.5350877192982456
2023-11-05,0.4046946294918947,MEDIUM,5,0.7729083665338645,0.2030812324929972,0.25213675213675213,0.31034482758620685,0.5344827586206896
2023-11-12,0.407028058136294,MEDIUM,5,0.75,0.22346368715083798,0.2330508474576271,0.31034482758620685,0.5344827586206896
2023-11-19,0.4172326153772834,MEDIUM,5,0.7450592885375494,0.26323119777158777,0.16806722689075632,0.31034482758620685,0.5344827586206896
2023-11-26,0.4097327963568034,MEDIUM,5,0.7283464566929134,0.30277777777777776,0.020833333333333332,0.31034482758620685,0.5344827586206896
2023-12-03,0.39171941894954787,LOW,5,0.7215686274509804,0.2853185595567867,0.01652892561983471,0.09322033898305082,0.5338983050847458
2023-12-10,0.381306563225141,LOW,5,0.6953125,0.26795580110497236,0.20081967213114754,0.09322033898305082,0.5338983050847458
2023-12-17,0.3716414577611027,LOW,5,0.6770428015564203,0.36363636363636365,0.0975609756097561,0.09322033898305082,0.5338983050847458
2023-12-24,0.3716023794652696,LOW,5,0.6589147286821705,0.5027472527472527,0.020161290322580645,0.09322033898305082,0.5338983050847458
2023-12-31,0.39410628687353355,LOW,5,0.667953667953668,0.40821917808219177,0.38,0.09322033898305082,0.5338983050847458
2024-01-07,0.43804013981007517,MEDIUM,5,0.65,0.3879781420765027,0.4126984126984127,0.75,0.6416666666666667
2024-01-14,0.473707228394358,MEDIUM,5,0.6398467432950191,0.49318801089918257,0.1220472440944882,0.75,0.6416666666666667
2024-01-21,0.5065050776312863,MEDIUM,5,0.648854961832061,0.46059782608695654,0.16796875,0.75,0.6416666666666667
2024-01-28,0.5172987913184257,MEDIUM,5,0.6387832699619772,0.3902439024390244,0.08139534883720931,0.75,0.6416666666666667
2024-02-04,0.488922259955214,MEDIUM,5,0.6515151515151515,0.3621621621621622,0.23076923076923078,0.39344262295081966,0.5245901639344263
2024-02-11,0.46535334587482546,MEDIUM,5,0.6679245283018868,0.3018867924528302,0.2099236641221374,0.39344262295081966,0.5245901639344263
2024-02-18,0.4430053404938961,MEDIUM,5,0.7180451127819549,0.23118279569892472,0.2765151515151515,0.39344262295081966,0.5245901639344263
2024-02-25,0.42612070580327355,MEDIUM,5,0.7172284644194756,0.2225201072386059,0.21052631578947367,0.39344262295081966,0.5245901639344263
2024-03-03,0.423559487256069,MEDIUM,5,0.6940298507462687,0.22459893048128343,0.2126865671641791,0.5080645161290323,0.5241935483870968
2024-03-10,0.4322908898634892,MEDIUM,5,0.6877323420074349,0.24266666666666667,0.34814814814814815,0.5080645161290323,0.5241935483870968
2024-03-17,0.4318633991576054,MEDIUM,5,0.6777777777777778,0.26728723404255317,0.1875,0.5080645161290323,0.5241935483870968
2024-03-24,0.4325957896211629,MEDIUM,5,0.6900369003690037,0.29708222811671087,0.08029197080291971,0.5080645161290323,0.5241935483870968
2024-03-31,0.4310110185100624,MEDIUM,5,0.6911764705882353,0.2447089947089947,0.15942028985507245,0.5080645161290323,0.5241935483870968
2024-04-07,0.41953492260269337,MEDIUM,5,0.6703296703296703,0.22163588390501318,0.0539568345323741,0.6587301587301587,0.5238095238095238
2024-04-14,0.42313262318452904,MEDIUM,5,0.7007299270072993,0.2131578947368421,0.18571428571428572,0.6587301587301587,0.5238095238095238
2024-04-21,0.4260843674129311,MEDIUM,5,0.6727272727272727,0.21653543307086615,0.14893617021276595,0.6587301587301587,0.5238095238095238
2024-04-28,0.44119319228955645,MEDIUM,5,0.6630434782608695,0.29842931937172773,0.31690140845070425,0.6587301587301587,0.5238095238095238
2024-05-05,0.43821133556287917,MEDIUM,5,0.6534296028880866,0.32114882506527415,0.24475524475524477,0.0546875,0.65625
2024-05-12,0.4186435899913832,MEDIUM,5,0.6312949640287769,0.4010416666666667,0.0,0.0546875,0.65625
2024-05-19,0.4071148047243961,MEDIUM,5,0.6093189964157706,0.4010416666666667,0.1206896551724138,0.0546875,0.65625
2024-05-26,0.3923034259493344,LOW,5,0.575,0.4010416666666667,0.3561643835616438,0.0546875,0.65625
2024-06-02,0.40384259591136656,MEDIUM,5,0.5658362989323843,0.4010416666666667,0.41836734693877553,0.1461538461538462,0.6538461538461539
2024-06-09,0.423922594116296,MEDIUM,5,0.5531914893617021,0.4010416666666667,0.43243243243243246,0.1461538461538462,0.6538461538461539
2024-06-16,0.4325478940974899,MEDIUM,5,0.5300353356890459,0.4010416666666667,0.32550335570469796,0.1461538461538462,0.6538461538461539
2024-06-23,0.43174002336424344,MEDIUM,5,0.5669014084507042,0.4010416666666667,0.2833333333333333,0.1461538461538462,0.6538461538461539
2024-06-30,0.4211900115352622,MEDIUM,5,0.5754385964912281,0.4010416666666667,0.19536423841059603,0.1461538461538462,0.6538461538461539
2024-07-07,0.4073002339374779,MEDIUM,5,0.6013986013986014,0.4010416666666667,0.15460526315789475,0.21212121212121215,0.5075757575757576
2024-07-14,0.39996745324826743,LOW,5,0.627177700348432,0.4010416666666667,0.11764705882352941,0.21212121212121215,0.5075757575757576
2024-07-21,0.3857678522330854,LOW,5,0.6041666666666666,0.4010416666666667,0.012987012987012988,0.21212121212121215,0.5075757575757576
2024-07-28,0.38222288443120844,LOW,5,0.5709342560553633,0.4010416666666667,0.19032258064516128,0.21212121212121215,0.5075757575757576
2024-08-04,0.38518916492952027,LOW,5,0.5655172413793104,0.4010416666666667,0.2724358974358974,0.04477611940298509,0.6567164179104478
2024-08-11,0.3863212647631994,LOW,5,0.5567010309278351,0.4010416666666667,0.24203821656050956,0.04477611940298509,0.6567164179104478
2024-08-18,0.39801509358757664,LOW,5,0.523972602739726,0.4010416666666667,0.36075949367088606,0.04477611940298509,0.6567164179104478
2024-08-25,0.39294552673773764,LOW,5,0.5221843003412969,0.4010416666666667,0.16352201257861634,0.04477611940298509,0.6567164179104478
2024-09-01,0.3920227365514505,LOW,5,0.5068027210884354,0.4010416666666667,0.246875,0.3088235294117647,0.5
2024-09-08,0.392639741290733,LOW,5,0.49830508474576274,0.4010416666666667,0.246875,0.3088235294117647,0.5
2024-09-15,0.3905695108307629,LOW,5,0.4864864864864865,0.4010416666666667,0.2857142857142857,0.3088235294117647,0.5
2024-09-22,0.3922638462828978,LOW,5,0.48484848484848486,0.4010416666666667,0.16358024691358025,0.3088235294117647,0.5
2024-09-29,0.3962940368501899,LOW,5,0.4865771812080537,0.4010416666666667,0.35276073619631904,0.3088235294117647,0.5
2024-10-06,0.40798445245233117,MEDIUM,5,0.4882943143812709,0.4010416666666667,0.5182926829268293,0.1159420289855072,0.6594202898550725
2024-10-13,0.4092355070617617,MEDIUM,5,0.49333333333333335,0.4010416666666667,0.32727272727272727,0.1159420289855072,0.6594202898550725
2024-10-20,0.4243669794677397,MEDIUM,5,0.5116279069767442,0.4010416666666667,0.4578313253012048,0.1159420289855072,0.6594202898550725
2024-10-27,0.4277906480880214,MEDIUM,5,0.4867549668874172,0.4010416666666667,0.44610778443113774,0.1159420289855072,0.6594202898550725
2024-11-03,0.43310514148295776,MEDIUM,5,0.49174917491749176,0.4010416666666667,0.44642857142857145,0.5142857142857142,0.4928571428571429
2024-11-10,0.449706655223647,MEDIUM,5,0.4769736842105263,0.4010416666666667,0.5059171597633136,0.5142857142857142,0.4928571428571429
2024-11-17,0.4561265469743048,MEDIUM,5,0.4721311475409836,0.4010416666666667,0.46176470588235297,0.5142857142857142,0.4928571428571429
2024-11-24,0.4587539692028062,MEDIUM,5,0.47058823529411764,0.4010416666666667,0.34502923976608185,0.5142857142857142,0.4928571428571429
2024-12-01,0.4430547637771928,MEDIUM,5,0.4837133550488599,0.4010416666666667,0.3168604651162791,0.3802816901408451,0.39436619718309857
2024-12-08,0.41891635575926645,MEDIUM,5,0.487012987012987,0.4010416666666667,0.18497109826589594,0.3802816901408451,0.39436619718309857
2024-12-15,0.39313450599799166,LOW,5,0.4627831715210356,0.4010416666666667,0.13218390804597702,0.3802816901408451,0.39436619718309857
2024-12-22,0.3751882018065637,LOW,5,0.47096774193548385,0.4010416666666667,0.16,0.3802816901408451,0.39436619718309857
2024-12-29,0.36605200061260756,LOW,5,0.4630225080385852,0.4010416666666667,0.16,0.3802816901408451,0.39436619718309857
2025-01-05,0.38863467564894066,LOW,5,0.47435897435897434,0.4010416666666667,0.45738636363636365,0.5347222222222222,0.5
2025-01-12,0.4123416934593803,MEDIUM,5,0.5047923322683706,0.4010416666666667,0.3587570621468927,0.5347222222222222,0.5
2025-01-19,0.4364266919871467,MEDIUM,5,0.5159235668789809,0.4010416666666667,0.3904494382022472,0.5347222222222222,0.5
2025-01-26,0.4654490058873285,MEDIUM,5,0.5619047619047619,0.4010416666666667,0.42178770949720673,0.5347222222222222,0.5
2025-02-02,0.4639862943248846,MEDIUM,5,0.5443037974683544,0.4010416666666667,0.5722222222222222,0.3356164383561644,0.3904109589041096
2025-02-09,0.4657609790902205,MEDIUM,5,0.5457413249211357,0.4010416666666667,0.574585635359116,0.3356164383561644,0.3904109589041096
2025-02-16,0.4662856711919756,MEDIUM,5,0.5471698113207547,0.4010416666666667,0.5934065934065934,0.3356164383561644,0.3904109589041096
2025-02-23,0.46214161418145433,MEDIUM,5,0.554858934169279,0.4010416666666667,0.5792349726775956,0.3356164383561644,0.3904109589041096
2025-03-02,0.4580396103201475,MEDIUM,5,0.559375,0.4010416666666667,0.5597826086956522,0.2567567567567568,0.35135135135135137
2025-03-09,0.4371384514238949,MEDIUM,5,0.5233644859813084,0.4010416666666667,0.27297297297297296,0.2567567567567568,0.35135135135135137
2025-03-16,0.4227533981895213,MEDIUM,5,0.4968944099378882,0.4010416666666667,0.45698924731182794,0.2567567567567568,0.35135135135135137
2025-03-23,0.39664145722314015,LOW,5,0.48297213622291024,0.4010416666666667,0.23529411764705882,0.2567567567567568,0.35135135135135137
2025-03-30,0.38955558681922176,LOW,5,0.49382716049382713,0.4010416666666667,0.5,0.2567567567567568,0.35135135135135137
2025-04-06,0.3980069708570544,LOW,5,0.5076923076923077,0.4010416666666667,0.4576719576719577,0.26,0.35333333333333333
2025-04-13,0.38009631067776983,LOW,5,0.5306748466257669,0.4010416666666667,0.05263157894736842,0.26,0.35333333333333333
2025-04-20,0.37571870754516945,LOW,5,0.4954128440366973,0.4010416666666667,0.12827225130890052,0.26,0.35333333333333333
2025-04-27,0.3595004051472431,LOW,5,0.4603658536585366,0.4010416666666667,0.21354166666666666,0.26,0.35333333333333333
2025-05-04,0.3438059248924292,LOW,5,0.45288753799392095,0.4010416666666667,0.025906735751295335,0.45394736842105265,0.40789473684210525
2025-05-11,0.34741840567872495,LOW,5,0.4484848484848485,0.4010416666666667,0.041237113402061855,0.45394736842105265,0.40789473684210525
2025-05-18,0.3467735176389768,LOW,5,0.43655589123867067,0.4010416666666667,0.002564102564102564,0.45394736842105265,0.40789473684210525
2025-05-25,0.3475741540381534,LOW,5,0.4683734939759036,0.4010416666666667,0.03316326530612245,0.45394736842105265,0.40789473684210525
2025-06-01,0.34838840104217567,LOW,5,0.44144144144144143,0.4010416666666667,0.09898477157360407,0.4545454545454546,0.35064935064935066
2025-06-08,0.34659256678675066,LOW,5,0.4281437125748503,0.4010416666666667,0.07323232323232323,0.4545454545454546,0.35064935064935066
2025-06-15,0.34435883979094256,LOW,5,0.43283582089552236,0.4010416666666667,0.005025125628140704,0.4545454545454546,0.35064935064935066
2025-06-22,0.34473907130434117,LOW,5,0.5029761904761905,0.4010416666666667,0.04,0.4545454545454546,0.35064935064935066
2025-06-29,0.35189038438232667,LOW,5,0.629080118694362,0.4010416666666667,0.007462686567164179,0.4545454545454546,0.35064935064935066
2025-07-06,0.35314756432819266,LOW,5,0.6020710059171598,0.4010416666666667,0.22524752475247525,0.038461538461538436,0.3076923076923077
2025-07-13,0.35141161340959554,LOW,5,0.6135693215339233,0.4010416666666667,0.08866995073891626,0.038461538461538436,0.3076923076923077
2025-07-20,0.3509760263251114,LOW,5,0.6191176470588236,0.4010416666666667,0.23039215686274508,0.038461538461538436,0.3076923076923077
2025-07-27,0.34366365245524655,LOW,5,0.656891495601173,0.4010416666666667,0.17073170731707318,0.038461538461538436,0.3076923076923077
2025-08-03,0.3377208672667004,LOW,5,0.6491228070175439,0.4010416666666667,0.04611650485436893,0.03797468354430378,0.310126582278481
2025-08-10,0.34723851641089154,LOW,5,0.6443148688046647,0.4010416666666667,0.2391304347826087,0.03797468354430378,0.310126582278481
2025-08-17,0.3438435060466317,LOW,5,0.6075581395348837,0.4010416666666667,0.17548076923076922,0.03797468354430378,0.310126582278481
2025-08-24,0.33476828772087125,LOW,5,0.572463768115942,0.4010416666666667,0.09330143540669857,0.03797468354430378,0.310126582278481
2025-08-31,0.3414061185837347,LOW,5,0.569364161849711,0.4010416666666667,0.2785714285714286,0.03797468354430378,0.310126582278481
2025-09-07,0.3559002375964795,LOW,5,0.600864553314121,0.4010416666666667,0.4881516587677725,0.16249999999999998,0.3125
2025-09-14,0.3590735459222341,LOW,5,0.6206896551724138,0.4010416666666667,0.12735849056603774,0.16249999999999998,0.3125
2025-09-21,0.3617337492429409,LOW,5,0.6060171919770774,0.4010416666666667,0.009389671361502348,0.16249999999999998,0.3125
2025-09-28,0.3643601289086457,LOW,5,0.6085714285714285,0.4010416666666667,0.18691588785046728,0.16249999999999998,0.3125
2025-10-05,0.36284936194798667,LOW,5,0.6111111111111112,0.4010416666666667,0.09767441860465116,0.5617283950617284,0.3765432098765432
2025-10-12,0.37510099008682674,LOW,5,0.5625,0.4010416666666667,0.09767441860465116,0.5617283950617284,0.3765432098765432
2025-10-19,0.3927405916766784,LOW,5,0.5396600566572238,0.4010416666666667,0.09767441860465116,0.5617283950617284,0.3765432098765432
2025-10-26,0.39921859645849134,LOW,5,0.5056497175141242,0.4010416666666667,0.09767441860465116,0.5617283950617284,0.3765432098765432
2025-11-02,0.3770745817378277,LOW,5,0.5746478873239437,0.4010416666666667,0.09767441860465116,0.09756097560975607,0.31097560975609756
2025-11-09,0.36032574041397436,LOW,5,0.6123595505617978,0.4010416666666667,0.09767441860465116,0.09756097560975607,0.31097560975609756
2025-11-16,0.34944901047366617,LOW,5,0.6834733893557423,0.4010416666666667,0.09767441860465116,0.09756097560975607,0.31097560975609756
2025-11-23,0.35005449533561933,LOW,5,0.7039106145251397,0.4010416666666667,0.25925925925925924,0.09756097560975607,0.31097560975609756
2025-11-30,0.35991411358504194,LOW,5,0.6796657381615598,0.4010416666666667,0.16359447004608296,0.09756097560975607,0.31097560975609756
2025-12-07,0.3631565583884323,LOW,5,0.6194444444444445,0.4010416666666667,0.09862385321100918,0.22891566265060237,0.25301204819277107
2025-12-14,0.3630785954240865,LOW,5,0.5318559556786704,0.4010416666666667,0.23059360730593606,0.22891566265060237,0.25301204819277107
2025-12-21,0.3510236876148118,LOW,5,0.4889502762430939,0.4010416666666667,0.2318181818181818,0.22891566265060237,0.25301204819277107
2025-12-28,0.3411094780883741,LOW,5,0.45041322314049587,0.4010416666666667,0.19683257918552036,0.22891566265060237,0.25301204819277107
2026-01-04,0.3335752410049263,LOW,5,0.42032967032967034,0.4010416666666667,0.19683257918552036,0.22891566265060237,0.25301204819277107
2026-01-11,0.33607949244834023,LOW,5,0.40684931506849314,0.4010416666666667,0.4369369369369369,0.22891566265060237,0.25301204819277107
2026-01-18,0.3285555909060044,LOW,5,0.39617486338797814,0.4010416666666667,0.19730941704035873,0.22891566265060237,0.25301204819277107
2026-01-25,0.32272180618943136,LOW,5,0.4359673024523161,0.4010416666666667,0.09821428571428571,0.22891566265060237,0.25301204819277107
2026-02-01,0.3216436911920389,LOW,5,0.5054347826086957,0.4010416666666667,0.06888888888888889,0.22891566265060237,0.25301204819277107
2026-02-08,0.31236605212631097,LOW,5,0.5528455284552846,0.4010416666666667,0.06888888888888889,0.22891566265060237,0.25301204819277107
2026-02-15,0.32672240165480704,LOW,5,0.5554054054054054,0.4010416666666667,0.2853982300884956,0.22891566265060237,0.25301204819277107
2026-02-22,0.3335495503372088,LOW,5,0.5673854447439353,0.4010416666666667,0.07048458149779736,0.22891566265060237,0.25301204819277107
2026-03-01,0.35110279757111873,LOW,5,0.6747311827956989,0.4010416666666667,0.20833333333333334,0.22891566265060237,0.25301204819277107
2026-03-08,0.3711527200969019,LOW,5,0.7278820375335121,0.4010416666666667,0.25109170305676853,0.22891566265060237,0.25301204819277107
2026-03-15,0.39962405120104716,LOW,5,0.8983957219251337,0.4010416666666667,0.4260869565217391,0.22891566265060237,0.25301204819277107
