molecule,country,tier,n_candidates,buffer_now_usd,r1_vendor,r1_score,r1_otif,r1_reliability,r1_ship_n_mol,r1_med_qty_mol,r1_lead_mean_days,r1_lead_src,r1_buffer_whatif_usd,r1_buffer_delta_usd,r2_vendor,r2_score,r2_otif,r3_vendor,r3_score,r3_otif,note
Abacavir,Burundi,T2_ALT_VENDOR_OTHER_COUNTRY,8,7368,ASPEN PHARMACARE,0.8247,0.976,0.966,5,28000.0,84.5,vendor-global,6626,742,GLAXOSMITHKLINE EXPORT LIMITED,0.7986,1.0,S. BUYS WHOLESALER,0.6454,0.985,
Abacavir,"Congo, DRC",T2_ALT_VENDOR_OTHER_COUNTRY,8,8066,ASPEN PHARMACARE,0.8247,0.976,0.966,5,28000.0,84.5,vendor-global,6740,1326,GLAXOSMITHKLINE EXPORT LIMITED,0.7986,1.0,S. BUYS WHOLESALER,0.6454,0.985,
Abacavir,Côte d'Ivoire,T2_ALT_VENDOR_OTHER_COUNTRY,8,212999,ASPEN PHARMACARE,0.8247,0.976,0.966,5,28000.0,84.5,vendor-global,155249,57750,GLAXOSMITHKLINE EXPORT LIMITED,0.7986,1.0,S. BUYS WHOLESALER,0.6454,0.985,
Abacavir,Dominican Republic,T2_ALT_VENDOR_OTHER_COUNTRY,8,,ASPEN PHARMACARE,0.8247,0.976,0.966,5,28000.0,84.5,vendor-global,,,GLAXOSMITHKLINE EXPORT LIMITED,0.7986,1.0,S. BUYS WHOLESALER,0.6454,0.985,
Abacavir,Guatemala,T2_ALT_VENDOR_OTHER_COUNTRY,8,,ASPEN PHARMACARE,0.8247,0.976,0.966,5,28000.0,84.5,vendor-global,,,GLAXOSMITHKLINE EXPORT LIMITED,0.7986,1.0,S. BUYS WHOLESALER,0.6454,0.985,
Abacavir,Guyana,T2_ALT_VENDOR_OTHER_COUNTRY,8,1652,ASPEN PHARMACARE,0.8247,0.976,0.966,5,28000.0,84.5,vendor-global,1890,-238,GLAXOSMITHKLINE EXPORT LIMITED,0.7986,1.0,S. BUYS WHOLESALER,0.6454,0.985,
Abacavir,Mozambique,T2_ALT_VENDOR_OTHER_COUNTRY,8,118570,ASPEN PHARMACARE,0.8247,0.976,0.966,5,28000.0,84.5,vendor-global,100707,17863,GLAXOSMITHKLINE EXPORT LIMITED,0.7986,1.0,S. BUYS WHOLESALER,0.6454,0.985,
Abacavir,Uganda,T2_ALT_VENDOR_OTHER_COUNTRY,8,34487,ASPEN PHARMACARE,0.8247,0.976,0.966,5,28000.0,77.6,vendor→country,32523,1964,GLAXOSMITHKLINE EXPORT LIMITED,0.7986,1.0,S. BUYS WHOLESALER,0.6454,0.985,
Abacavir,Zimbabwe,T2_ALT_VENDOR_OTHER_COUNTRY,8,15439,ASPEN PHARMACARE,0.8247,0.976,0.966,5,28000.0,84.5,vendor-global,10754,4685,GLAXOSMITHKLINE EXPORT LIMITED,0.7986,1.0,S. BUYS WHOLESALER,0.6454,0.985,
Abacavir/Lamivudine,"Congo, DRC",T2_ALT_VENDOR_OTHER_COUNTRY,3,3270,CIPLA LIMITED,0.8739,0.869,0.869,4,9926.5,144.8,vendor-global,3605,-335,MYLAN LABORATORIES LTD (FORMERLY MATRIX LABORATORIES),0.8502,0.994,Aurobindo Pharma Limited,0.6639,0.859,
Abacavir/Lamivudine,Mozambique,T2_ALT_VENDOR_OTHER_COUNTRY,3,71458,CIPLA LIMITED,0.8739,0.869,0.869,4,9926.5,144.8,vendor-global,83915,-12457,MYLAN LABORATORIES LTD (FORMERLY MATRIX LABORATORIES),0.8502,0.994,Aurobindo Pharma Limited,0.6639,0.859,
Abacavir/Lamivudine,Tanzania,T2_ALT_VENDOR_OTHER_COUNTRY,3,138846,CIPLA LIMITED,0.8739,0.869,0.869,4,9926.5,111.5,vendor→country,126350,12496,MYLAN LABORATORIES LTD (FORMERLY MATRIX LABORATORIES),0.8502,0.994,Aurobindo Pharma Limited,0.6639,0.859,
"Chase Buffer, Determine, 100 Tests, 2.5ml x 1 Vial",South Sudan,T2_ALT_VENDOR_OTHER_COUNTRY,2,1558,WAGENIA,0.9713,1.0,0.918,1,2500.0,,,,,"Standard Diagnostics, Inc.",0.6501,0.959,,,,
Efavirenz,Burundi,T2_ALT_VENDOR_OTHER_COUNTRY,12,53113,EMCURE PHARMACEUTICALS LTD,0.816,0.951,0.944,8,77916.5,201.4,vendor-global,75418,-22305,Aurobindo Pharma Limited,0.7552,0.859,STRIDES ARCOLAB LIMITED,0.7032,0.957,
Efavirenz,"Congo, DRC",T2_ALT_VENDOR_OTHER_COUNTRY,12,22071,EMCURE PHARMACEUTICALS LTD,0.816,0.951,0.944,8,77916.5,201.4,vendor-global,28901,-6830,Aurobindo Pharma Limited,0.7552,0.859,STRIDES ARCOLAB LIMITED,0.7032,0.957,
Efavirenz,Guatemala,T2_ALT_VENDOR_OTHER_COUNTRY,12,,EMCURE PHARMACEUTICALS LTD,0.816,0.951,0.944,8,77916.5,201.4,vendor-global,,,Aurobindo Pharma Limited,0.7552,0.859,STRIDES ARCOLAB LIMITED,0.7032,0.957,
Efavirenz,Mozambique,T2_ALT_VENDOR_OTHER_COUNTRY,12,368101,EMCURE PHARMACEUTICALS LTD,0.816,0.951,0.944,8,77916.5,201.4,vendor-global,504730,-136629,Aurobindo Pharma Limited,0.7552,0.859,STRIDES ARCOLAB LIMITED,0.7032,0.957,
Efavirenz,Nigeria,T2_ALT_VENDOR_OTHER_COUNTRY,12,956621,EMCURE PHARMACEUTICALS LTD,0.816,0.951,0.944,8,77916.5,275.8,vendor→country,1677854,-721233,Aurobindo Pharma Limited,0.7552,0.859,STRIDES ARCOLAB LIMITED,0.7032,0.957,
Efavirenz,South Sudan,T2_ALT_VENDOR_OTHER_COUNTRY,12,17838,EMCURE PHARMACEUTICALS LTD,0.816,0.951,0.944,8,77916.5,201.4,vendor-global,24903,-7065,Aurobindo Pharma Limited,0.7552,0.859,STRIDES ARCOLAB LIMITED,0.7032,0.957,
Efavirenz/Emtricitabine/Tenofovir Disoproxil Fumarate,Botswana,T2_ALT_VENDOR_OTHER_COUNTRY,6,,SCMS from RDC,0.7279,0.828,0.829,103,30598.0,,,,,MYLAN LABORATORIES LTD (FORMERLY MATRIX LABORATORIES),0.7138,0.994,Aurobindo Pharma Limited,0.6956,0.859,
Efavirenz/Emtricitabine/Tenofovir Disoproxil Fumarate,Uganda,T2_ALT_VENDOR_OTHER_COUNTRY,6,222156,MYLAN LABORATORIES LTD (FORMERLY MATRIX LABORATORIES),0.8256,0.994,0.992,12,44574.5,96.5,vendor→country,224688,-2532,Aurobindo Pharma Limited,0.7258,0.859,MERCK SHARP & DOHME IDEA GMBH (FORMALLY MERCK SHARP & DOHME B.V.),0.6664,0.985,
Efavirenz/Lamivudine/Tenofovir Disoproxil Fumarate,Burundi,T2_ALT_VENDOR_OTHER_COUNTRY,4,119136,MYLAN LABORATORIES LTD (FORMERLY MATRIX LABORATORIES),0.853,0.994,0.992,52,28973.5,128.3,vendor-global,127208,-8072,HETERO LABS LIMITED,0.7701,0.993,CIPLA LIMITED,0.7372,0.869,
Efavirenz/Lamivudine/Tenofovir Disoproxil Fumarate,"Congo, DRC",T2_ALT_VENDOR_OTHER_COUNTRY,4,402614,MYLAN LABORATORIES LTD (FORMERLY MATRIX LABORATORIES),0.853,0.994,0.992,52,28973.5,128.3,vendor-global,408273,-5659,HETERO LABS LIMITED,0.7701,0.993,CIPLA LIMITED,0.7372,0.869,
Efavirenz/Lamivudine/Tenofovir Disoproxil Fumarate,Côte d'Ivoire,T2_ALT_VENDOR_OTHER_COUNTRY,4,1189495,MYLAN LABORATORIES LTD (FORMERLY MATRIX LABORATORIES),0.853,0.994,0.992,52,28973.5,156.8,vendor→country,1221463,-31968,HETERO LABS LIMITED,0.7701,0.993,CIPLA LIMITED,0.7372,0.869,
Efavirenz/Lamivudine/Tenofovir Disoproxil Fumarate,Mozambique,T2_ALT_VENDOR_OTHER_COUNTRY,4,8062179,MYLAN LABORATORIES LTD (FORMERLY MATRIX LABORATORIES),0.853,0.994,0.992,52,28973.5,128.3,vendor-global,8181583,-119404,HETERO LABS LIMITED,0.7701,0.993,CIPLA LIMITED,0.7372,0.869,
Efavirenz/Lamivudine/Tenofovir Disoproxil Fumarate,Nigeria,T2_ALT_VENDOR_OTHER_COUNTRY,4,6525617,MYLAN LABORATORIES LTD (FORMERLY MATRIX LABORATORIES),0.853,0.994,0.992,52,28973.5,133,vendor→country,8125645,-1600028,HETERO LABS LIMITED,0.7701,0.993,CIPLA LIMITED,0.7372,0.869,
Efavirenz/Lamivudine/Tenofovir Disoproxil Fumarate,South Sudan,T2_ALT_VENDOR_OTHER_COUNTRY,4,381856,MYLAN LABORATORIES LTD (FORMERLY MATRIX LABORATORIES),0.853,0.994,0.992,52,28973.5,128.3,vendor-global,393715,-11859,HETERO LABS LIMITED,0.7701,0.993,CIPLA LIMITED,0.7372,0.869,
Efavirenz/Lamivudine/Tenofovir Disoproxil Fumarate,Zambia,T2_ALT_VENDOR_OTHER_COUNTRY,4,12132208,MYLAN LABORATORIES LTD (FORMERLY MATRIX LABORATORIES),0.853,0.994,0.992,52,28973.5,131.7,vendor→country,13794523,-1662315,HETERO LABS LIMITED,0.7701,0.993,CIPLA LIMITED,0.7372,0.869,
Efavirenz/Lamivudine/Tenofovir Disoproxil Fumarate,Zimbabwe,T2_ALT_VENDOR_OTHER_COUNTRY,4,12801877,MYLAN LABORATORIES LTD (FORMERLY MATRIX LABORATORIES),0.853,0.994,0.992,52,28973.5,95.8,vendor→country,9203571,3598306,HETERO LABS LIMITED,0.7701,0.993,CIPLA LIMITED,0.7372,0.869,
Emtricitabine/Tenofovir Disoproxil Fumarate,Côte d'Ivoire,T2_ALT_VENDOR_OTHER_COUNTRY,8,235383,Aurobindo Pharma Limited,0.8089,0.859,0.859,5,100000.0,93.4,vendor→country,183371,52012,S. BUYS WHOLESALER,0.6446,0.985,PHARMACY DIRECT,0.6091,1.0,
Emtricitabine/Tenofovir Disoproxil Fumarate,Haiti,T2_ALT_VENDOR_OTHER_COUNTRY,8,,Aurobindo Pharma Limited,0.8089,0.859,0.859,5,100000.0,106.7,vendor→country,,,S. BUYS WHOLESALER,0.6446,0.985,PHARMACY DIRECT,0.6091,1.0,
Emtricitabine/Tenofovir Disoproxil Fumarate,Nigeria,T2_ALT_VENDOR_OTHER_COUNTRY,8,1835566,Aurobindo Pharma Limited,0.8089,0.859,0.859,5,100000.0,130.3,vendor-global,2293393,-457827,S. BUYS WHOLESALER,0.6446,0.985,PHARMACY DIRECT,0.6091,1.0,
Emtricitabine/Tenofovir Disoproxil Fumarate,Uganda,T2_ALT_VENDOR_OTHER_COUNTRY,8,179398,Aurobindo Pharma Limited,0.8089,0.859,0.859,5,100000.0,82.9,vendor→country,172108,7290,S. BUYS WHOLESALER,0.6446,0.985,PHARMACY DIRECT,0.6091,1.0,
"HIV 1/2, Colloidal Gold, Diagnostic Kit, Antibody",Rwanda,T5_SINGLE_SOURCED,0,854375,,,,,,,,,,,,,,,,,no vendor ships this molecule anywhere — buffer-only lane
"HIV 1/2, Determine Complete HIV Kit",South Sudan,T2_ALT_VENDOR_OTHER_COUNTRY,8,67944,"Standard Diagnostics, Inc.",0.7844,0.959,0.956,9,3015.0,101.0,vendor-global,81108,-13164,INVERNESS MEDICAL INNOVATIONS HONG KONG LTD,0.7737,1.0,Abbott GmbH & Co. KG,0.6949,0.952,
"HIV 1/2, Determine Complete HIV Kit",Uganda,T2_ALT_VENDOR_OTHER_COUNTRY,8,860328,"Standard Diagnostics, Inc.",0.7844,0.959,0.956,9,3015.0,101.0,vendor-global,1106616,-246288,INVERNESS MEDICAL INNOVATIONS HONG KONG LTD,0.7737,1.0,Abbott GmbH & Co. KG,0.6949,0.952,
"HIV, Capillary Tubes, for Determine, EDTA, 50uL,100 Pcs",South Sudan,T5_SINGLE_SOURCED,0,4201,,,,,,,,,,,,,,,,,no vendor ships this molecule anywhere — buffer-only lane
Lamivudine,Burundi,T2_ALT_VENDOR_OTHER_COUNTRY,11,1279,STRIDES ARCOLAB LIMITED,0.9116,0.957,0.953,29,150000.0,120.5,vendor-global,1366,-87,S. BUYS WHOLESALER,0.6462,0.985,Aurobindo Pharma Limited,0.6231,0.859,
Lamivudine,Guyana,T2_ALT_VENDOR_OTHER_COUNTRY,11,1046,STRIDES ARCOLAB LIMITED,0.9116,0.957,0.953,29,150000.0,120.5,vendor-global,1440,-394,S. BUYS WHOLESALER,0.6462,0.985,Aurobindo Pharma Limited,0.6231,0.859,
Lamivudine,Mozambique,T2_ALT_VENDOR_OTHER_COUNTRY,11,11485,STRIDES ARCOLAB LIMITED,0.9116,0.957,0.953,29,150000.0,120.5,vendor-global,11767,-282,S. BUYS WHOLESALER,0.6462,0.985,Aurobindo Pharma Limited,0.6231,0.859,
Lamivudine/Nevirapine/Stavudine,Benin,T2_ALT_VENDOR_OTHER_COUNTRY,4,,HETERO LABS LIMITED,0.8684,0.993,0.991,6,30000.0,128.1,vendor-global,,,CIPLA LIMITED,0.8328,0.869,STRIDES ARCOLAB LIMITED,0.5494,0.957,
Lamivudine/Nevirapine/Stavudine,Côte d'Ivoire,T2_ALT_VENDOR_OTHER_COUNTRY,4,733028,HETERO LABS LIMITED,0.8684,0.993,0.991,6,30000.0,128.1,vendor-global,657976,75052,CIPLA LIMITED,0.8328,0.869,STRIDES ARCOLAB LIMITED,0.5494,0.957,
Lamivudine/Nevirapine/Stavudine,Mozambique,T2_ALT_VENDOR_OTHER_COUNTRY,4,1700821,HETERO LABS LIMITED,0.8684,0.993,0.991,6,30000.0,123.3,vendor→country,1681181,19640,CIPLA LIMITED,0.8328,0.869,STRIDES ARCOLAB LIMITED,0.5494,0.957,
Lamivudine/Nevirapine/Stavudine,Nigeria,T2_ALT_VENDOR_OTHER_COUNTRY,4,259668,HETERO LABS LIMITED,0.8684,0.993,0.991,6,30000.0,128.1,vendor-global,299960,-40292,CIPLA LIMITED,0.8328,0.869,STRIDES ARCOLAB LIMITED,0.5494,0.957,
Lamivudine/Nevirapine/Stavudine,Tanzania,T2_ALT_VENDOR_OTHER_COUNTRY,4,589207,HETERO LABS LIMITED,0.8684,0.993,0.991,6,30000.0,118.6,vendor→country,605674,-16467,CIPLA LIMITED,0.8328,0.869,STRIDES ARCOLAB LIMITED,0.5494,0.957,
Lamivudine/Nevirapine/Stavudine,Uganda,T2_ALT_VENDOR_OTHER_COUNTRY,4,33672,HETERO LABS LIMITED,0.8684,0.993,0.991,6,30000.0,47.8,vendor→country,23306,10366,CIPLA LIMITED,0.8328,0.869,STRIDES ARCOLAB LIMITED,0.5494,0.957,
Lamivudine/Nevirapine/Stavudine,Zimbabwe,T2_ALT_VENDOR_OTHER_COUNTRY,4,1794453,HETERO LABS LIMITED,0.8684,0.993,0.991,6,30000.0,107.6,vendor→country,1067456,726997,CIPLA LIMITED,0.8328,0.869,STRIDES ARCOLAB LIMITED,0.5494,0.957,
Lamivudine/Nevirapine/Zidovudine,Burundi,T2_ALT_VENDOR_OTHER_COUNTRY,5,40127,HETERO LABS LIMITED,0.9105,0.993,0.991,15,33516.0,128.1,vendor-global,43555,-3428,Aurobindo Pharma Limited,0.8115,0.859,MYLAN LABORATORIES LTD (FORMERLY MATRIX LABORATORIES),0.7875,0.994,
Lamivudine/Nevirapine/Zidovudine,Côte d'Ivoire,T2_ALT_VENDOR_OTHER_COUNTRY,5,2454829,HETERO LABS LIMITED,0.9105,0.993,0.991,15,33516.0,128.1,vendor-global,2135620,319209,Aurobindo Pharma Limited,0.8115,0.859,MYLAN LABORATORIES LTD (FORMERLY MATRIX LABORATORIES),0.7875,0.994,
Lamivudine/Nevirapine/Zidovudine,Nigeria,T2_ALT_VENDOR_OTHER_COUNTRY,5,9427054,HETERO LABS LIMITED,0.9105,0.993,0.991,15,33516.0,128.1,vendor-global,10484199,-1057145,Aurobindo Pharma Limited,0.8115,0.859,MYLAN LABORATORIES LTD (FORMERLY MATRIX LABORATORIES),0.7875,0.994,
Lamivudine/Nevirapine/Zidovudine,South Sudan,T2_ALT_VENDOR_OTHER_COUNTRY,5,89879,HETERO LABS LIMITED,0.9105,0.993,0.991,15,33516.0,128.1,vendor-global,92655,-2776,Aurobindo Pharma Limited,0.8115,0.859,MYLAN LABORATORIES LTD (FORMERLY MATRIX LABORATORIES),0.7875,0.994,
Lamivudine/Nevirapine/Zidovudine,Swaziland,T2_ALT_VENDOR_OTHER_COUNTRY,5,747169,HETERO LABS LIMITED,0.9105,0.993,0.991,15,33516.0,128.1,vendor-global,766908,-19739,Aurobindo Pharma Limited,0.8115,0.859,MYLAN LABORATORIES LTD (FORMERLY MATRIX LABORATORIES),0.7875,0.994,
Lamivudine/Nevirapine/Zidovudine,Zambia,T2_ALT_VENDOR_OTHER_COUNTRY,5,,HETERO LABS LIMITED,0.9105,0.993,0.991,15,33516.0,128.1,vendor-global,,,Aurobindo Pharma Limited,0.8115,0.859,MYLAN LABORATORIES LTD (FORMERLY MATRIX LABORATORIES),0.7875,0.994,
Lamivudine/Stavudine,Benin,T2_ALT_VENDOR_OTHER_COUNTRY,3,,STRIDES ARCOLAB LIMITED,0.9837,0.957,0.953,5,18025.0,120.5,vendor-global,,,CIPLA LIMITED,0.5867,0.869,HETERO LABS LIMITED,0.5854,0.993,
Lamivudine/Stavudine,Côte d'Ivoire,T2_ALT_VENDOR_OTHER_COUNTRY,3,292401,STRIDES ARCOLAB LIMITED,0.9837,0.957,0.953,5,18025.0,120.5,vendor-global,265987,26414,CIPLA LIMITED,0.5867,0.869,HETERO LABS LIMITED,0.5854,0.993,
Lamivudine/Stavudine,Nigeria,T2_ALT_VENDOR_OTHER_COUNTRY,3,12016,STRIDES ARCOLAB LIMITED,0.9837,0.957,0.953,5,18025.0,120.5,vendor-global,13607,-1591,CIPLA LIMITED,0.5867,0.869,HETERO LABS LIMITED,0.5854,0.993,
Lamivudine/Stavudine,Uganda,T2_ALT_VENDOR_OTHER_COUNTRY,3,2828,STRIDES ARCOLAB LIMITED,0.9837,0.957,0.953,5,18025.0,63.3,vendor→country,2390,438,CIPLA LIMITED,0.5867,0.869,HETERO LABS LIMITED,0.5854,0.993,
Lamivudine/Stavudine,Zambia,T2_ALT_VENDOR_OTHER_COUNTRY,3,169123,STRIDES ARCOLAB LIMITED,0.9837,0.957,0.953,5,18025.0,120.5,vendor-global,171903,-2780,CIPLA LIMITED,0.5867,0.869,HETERO LABS LIMITED,0.5854,0.993,
Lamivudine/Stavudine,Zimbabwe,T2_ALT_VENDOR_OTHER_COUNTRY,3,71083,STRIDES ARCOLAB LIMITED,0.9837,0.957,0.953,5,18025.0,68.8,vendor→country,32268,38815,CIPLA LIMITED,0.5867,0.869,HETERO LABS LIMITED,0.5854,0.993,
Lamivudine/Tenofovir Disoproxil Fumarate,Burundi,T2_ALT_VENDOR_OTHER_COUNTRY,5,5851,MYLAN LABORATORIES LTD (FORMERLY MATRIX LABORATORIES),0.891,0.994,0.992,8,108679.5,128.3,vendor-global,6464,-613,HETERO LABS LIMITED,0.7654,0.993,Aurobindo Pharma Limited,0.661,0.859,
Lamivudine/Tenofovir Disoproxil Fumarate,"Congo, DRC",T2_ALT_VENDOR_OTHER_COUNTRY,5,3922,MYLAN LABORATORIES LTD (FORMERLY MATRIX LABORATORIES),0.891,0.994,0.992,8,108679.5,128.3,vendor-global,3983,-61,HETERO LABS LIMITED,0.7654,0.993,Aurobindo Pharma Limited,0.661,0.859,
Lamivudine/Tenofovir Disoproxil Fumarate,Côte d'Ivoire,T2_ALT_VENDOR_OTHER_COUNTRY,5,215890,MYLAN LABORATORIES LTD (FORMERLY MATRIX LABORATORIES),0.891,0.994,0.992,8,108679.5,156.8,vendor→country,220664,-4774,HETERO LABS LIMITED,0.7654,0.993,Aurobindo Pharma Limited,0.661,0.859,
Lamivudine/Tenofovir Disoproxil Fumarate,Dominican Republic,T2_ALT_VENDOR_OTHER_COUNTRY,5,27250,MYLAN LABORATORIES LTD (FORMERLY MATRIX LABORATORIES),0.891,0.994,0.992,8,108679.5,128.3,vendor-global,34181,-6931,HETERO LABS LIMITED,0.7654,0.993,Aurobindo Pharma Limited,0.661,0.859,
Lamivudine/Tenofovir Disoproxil Fumarate,Mozambique,T2_ALT_VENDOR_OTHER_COUNTRY,5,273527,MYLAN LABORATORIES LTD (FORMERLY MATRIX LABORATORIES),0.891,0.994,0.992,8,108679.5,128.3,vendor-global,284012,-10485,HETERO LABS LIMITED,0.7654,0.993,Aurobindo Pharma Limited,0.661,0.859,
Lamivudine/Tenofovir Disoproxil Fumarate,Swaziland,T2_ALT_VENDOR_OTHER_COUNTRY,5,,MYLAN LABORATORIES LTD (FORMERLY MATRIX LABORATORIES),0.891,0.994,0.992,8,108679.5,128.3,vendor-global,,,HETERO LABS LIMITED,0.7654,0.993,Aurobindo Pharma Limited,0.661,0.859,
Lamivudine/Tenofovir Disoproxil Fumarate,Zambia,T2_ALT_VENDOR_OTHER_COUNTRY,5,932645,MYLAN LABORATORIES LTD (FORMERLY MATRIX LABORATORIES),0.891,0.994,0.992,8,108679.5,131.7,vendor→country,1019000,-86355,HETERO LABS LIMITED,0.7654,0.993,Aurobindo Pharma Limited,0.661,0.859,
Lamivudine/Zidovudine,Burundi,T2_ALT_VENDOR_OTHER_COUNTRY,6,89637,HETERO LABS LIMITED,0.9499,0.993,0.991,21,17240.0,128.1,vendor-global,98639,-9002,Aurobindo Pharma Limited,0.9096,0.859,MYLAN LABORATORIES LTD (FORMERLY MATRIX LABORATORIES),0.8674,0.994,
Lamivudine/Zidovudine,Côte d'Ivoire,T2_ALT_VENDOR_OTHER_COUNTRY,6,1260021,HETERO LABS LIMITED,0.9499,0.993,0.991,21,17240.0,128.1,vendor-global,1075669,184352,Aurobindo Pharma Limited,0.9096,0.859,MYLAN LABORATORIES LTD (FORMERLY MATRIX LABORATORIES),0.8674,0.994,
Lamivudine/Zidovudine,Ethiopia,T2_ALT_VENDOR_OTHER_COUNTRY,6,367694,HETERO LABS LIMITED,0.9499,0.993,0.991,21,17240.0,128.1,vendor-global,419163,-51469,Aurobindo Pharma Limited,0.9096,0.859,MYLAN LABORATORIES LTD (FORMERLY MATRIX LABORATORIES),0.8674,0.994,
Lamivudine/Zidovudine,Guyana,T2_ALT_VENDOR_OTHER_COUNTRY,6,4073,HETERO LABS LIMITED,0.9499,0.993,0.991,21,17240.0,128.1,vendor-global,5634,-1561,Aurobindo Pharma Limited,0.9096,0.859,MYLAN LABORATORIES LTD (FORMERLY MATRIX LABORATORIES),0.8674,0.994,
Lamivudine/Zidovudine,Mozambique,T2_ALT_VENDOR_OTHER_COUNTRY,6,886162,HETERO LABS LIMITED,0.9499,0.993,0.991,21,17240.0,123.3,vendor→country,875372,10790,Aurobindo Pharma Limited,0.9096,0.859,MYLAN LABORATORIES LTD (FORMERLY MATRIX LABORATORIES),0.8674,0.994,
Lamivudine/Zidovudine+Efavirenz,Nigeria,T2_ALT_VENDOR_OTHER_COUNTRY,1,,Aurobindo Pharma Limited,0.9508,0.859,0.859,2,33427.5,130.3,vendor-global,,,,,,,,,
Lopinavir/Ritonavir,Benin,T2_ALT_VENDOR_OTHER_COUNTRY,13,,ABBVIE LOGISTICS (FORMERLY ABBOTT LOGISTICS BV),0.7413,0.988,0.987,263,1251.0,126.3,vendor-global,,,Aurobindo Pharma Limited,0.7317,0.859,"ABBVIE, SRL (FORMALLY ABBOTT LABORATORIES INTERNATIONAL CO.)",0.715,1.0,
Lopinavir/Ritonavir,Burundi,T2_ALT_VENDOR_OTHER_COUNTRY,13,7773,ABBVIE LOGISTICS (FORMERLY ABBOTT LOGISTICS BV),0.7413,0.988,0.987,263,1251.0,126.3,vendor-global,9001,-1228,Aurobindo Pharma Limited,0.7317,0.859,"ABBVIE, SRL (FORMALLY ABBOTT LABORATORIES INTERNATIONAL CO.)",0.715,1.0,
Lopinavir/Ritonavir,Senegal,T2_ALT_VENDOR_OTHER_COUNTRY,13,,ABBVIE LOGISTICS (FORMERLY ABBOTT LOGISTICS BV),0.7413,0.988,0.987,263,1251.0,126.3,vendor-global,,,Aurobindo Pharma Limited,0.7317,0.859,"ABBVIE, SRL (FORMALLY ABBOTT LABORATORIES INTERNATIONAL CO.)",0.715,1.0,
Lopinavir/Ritonavir,Swaziland,T2_ALT_VENDOR_OTHER_COUNTRY,13,,ABBVIE LOGISTICS (FORMERLY ABBOTT LOGISTICS BV),0.7413,0.988,0.987,263,1251.0,126.3,vendor-global,,,Aurobindo Pharma Limited,0.7317,0.859,"ABBVIE, SRL (FORMALLY ABBOTT LABORATORIES INTERNATIONAL CO.)",0.715,1.0,
Lopinavir/Ritonavir,Vietnam,T2_ALT_VENDOR_OTHER_COUNTRY,13,911184,SCMS from RDC,0.806,0.828,0.829,247,2820.0,,,,,Aurobindo Pharma Limited,0.7336,0.859,"ABBVIE, SRL (FORMALLY ABBOTT LABORATORIES INTERNATIONAL CO.)",0.7154,1.0,
Nevirapine,Burundi,T2_ALT_VENDOR_OTHER_COUNTRY,10,3570,STRIDES ARCOLAB LIMITED,0.8695,0.957,0.953,18,74036.0,120.5,vendor-global,3780,-210,CIPLA LIMITED,0.7671,0.869,HETERO LABS LIMITED,0.7006,0.993,
Nevirapine,Dominican Republic,T2_ALT_VENDOR_OTHER_COUNTRY,10,,STRIDES ARCOLAB LIMITED,0.8695,0.957,0.953,18,74036.0,120.5,vendor-global,,,CIPLA LIMITED,0.7671,0.869,HETERO LABS LIMITED,0.7006,0.993,
Nevirapine,Ethiopia,T2_ALT_VENDOR_OTHER_COUNTRY,10,206878,STRIDES ARCOLAB LIMITED,0.8695,0.957,0.953,18,74036.0,120.5,vendor-global,241715,-34837,CIPLA LIMITED,0.7671,0.869,HETERO LABS LIMITED,0.7006,0.993,
Nevirapine,Guyana,T2_ALT_VENDOR_OTHER_COUNTRY,10,3095,STRIDES ARCOLAB LIMITED,0.8695,0.957,0.953,18,74036.0,120.5,vendor-global,4207,-1112,CIPLA LIMITED,0.7671,0.869,HETERO LABS LIMITED,0.7006,0.993,
Nevirapine,Mozambique,T2_ALT_VENDOR_OTHER_COUNTRY,10,167084,STRIDES ARCOLAB LIMITED,0.8695,0.957,0.953,18,74036.0,120.5,vendor-global,170274,-3190,CIPLA LIMITED,0.7671,0.869,HETERO LABS LIMITED,0.7006,0.993,
Nevirapine,Togo,T2_ALT_VENDOR_OTHER_COUNTRY,10,,STRIDES ARCOLAB LIMITED,0.8695,0.957,0.953,18,74036.0,120.5,vendor-global,,,CIPLA LIMITED,0.7671,0.869,HETERO LABS LIMITED,0.7006,0.993,
Stavudine,Mozambique,T2_ALT_VENDOR_OTHER_COUNTRY,7,2353,HETERO LABS LIMITED,0.8229,0.993,0.991,5,18000.0,123.3,vendor→country,2311,42,Aurobindo Pharma Limited,0.726,0.859,S. BUYS WHOLESALER,0.6605,0.985,
Tenofovir Disoproxil Fumarate,"Congo, DRC",T2_ALT_VENDOR_OTHER_COUNTRY,10,13649,CIPLA LIMITED,0.9501,0.869,0.869,38,54127.5,144.8,vendor-global,14939,-1290,Aurobindo Pharma Limited,0.9448,0.859,HETERO LABS LIMITED,0.6597,0.993,
Tenofovir Disoproxil Fumarate,Côte d'Ivoire,T2_ALT_VENDOR_OTHER_COUNTRY,10,49815,CIPLA LIMITED,0.9501,0.869,0.869,38,54127.5,144.8,vendor-global,49628,187,Aurobindo Pharma Limited,0.9448,0.859,HETERO LABS LIMITED,0.6597,0.993,
Tenofovir Disoproxil Fumarate,Ghana,T2_ALT_VENDOR_OTHER_COUNTRY,10,234476,CIPLA LIMITED,0.9501,0.869,0.869,38,54127.5,144.8,vendor-global,265919,-31443,Aurobindo Pharma Limited,0.9448,0.859,HETERO LABS LIMITED,0.6597,0.993,
Tenofovir Disoproxil Fumarate,Libya,T2_ALT_VENDOR_OTHER_COUNTRY,10,,CIPLA LIMITED,0.9501,0.869,0.869,38,54127.5,144.8,vendor-global,,,Aurobindo Pharma Limited,0.9448,0.859,HETERO LABS LIMITED,0.6597,0.993,
Tenofovir Disoproxil Fumarate,Mozambique,T2_ALT_VENDOR_OTHER_COUNTRY,10,9439,CIPLA LIMITED,0.9501,0.869,0.869,38,54127.5,144.8,vendor-global,10641,-1202,Aurobindo Pharma Limited,0.9448,0.859,HETERO LABS LIMITED,0.6597,0.993,
Tenofovir Disoproxil Fumarate,Nigeria,T2_ALT_VENDOR_OTHER_COUNTRY,10,23122,CIPLA LIMITED,0.9501,0.869,0.869,38,54127.5,58,vendor→country,19050,4072,Aurobindo Pharma Limited,0.9448,0.859,HETERO LABS LIMITED,0.6597,0.993,
Zidovudine,Burundi,T2_ALT_VENDOR_OTHER_COUNTRY,9,2305,Aurobindo Pharma Limited,0.9468,0.859,0.859,67,2100.0,130.3,vendor-global,2631,-326,S. BUYS WHOLESALER,0.6777,0.985,MYLAN LABORATORIES LTD (FORMERLY MATRIX LABORATORIES),0.6699,0.994,
Zidovudine,Uganda,T2_ALT_VENDOR_OTHER_COUNTRY,9,137200,Aurobindo Pharma Limited,0.9468,0.859,0.859,67,2100.0,82.9,vendor→country,133283,3917,S. BUYS WHOLESALER,0.6777,0.985,MYLAN LABORATORIES LTD (FORMERLY MATRIX LABORATORIES),0.6699,0.994,
