country,window_end,n_window,late_window,late_rate,baseline_rate,p_value,alert,z_delay
Côte d'Ivoire,2007-07,44,0,0.0,0.0476,1.00e+00,0,0.0
Côte d'Ivoire,2007-08,63,0,0.0,0.037,1.00e+00,0,0.0
Côte d'Ivoire,2007-09,63,0,0.0,0.0278,1.00e+00,0,0.0
Côte d'Ivoire,2007-10,62,0,0.0,0.0233,1.00e+00,0,0.0
Côte d'Ivoire,2007-11,52,0,0.0,0.0171,1.00e+00,0,0.0
Côte d'Ivoire,2007-12,44,0,0.0,0.0148,1.00e+00,0,0.0
Côte d'Ivoire,2008-01,47,1,0.021,0.0135,4.72e-01,0,0.26
Côte d'Ivoire,2008-02,40,2,0.05,0.0118,8.13e-02,0,-0.51
Côte d'Ivoire,2008-03,38,2,0.053,0.0112,6.74e-02,0,-0.53
Côte d'Ivoire,2008-04,30,2,0.067,0.0154,7.75e-02,0,-1.1
Côte d'Ivoire,2008-05,20,1,0.05,0.0191,3.21e-01,0,-0.03
Côte d'Ivoire,2008-06,19,1,0.053,0.0184,2.98e-01,0,-0.04
Côte d'Ivoire,2008-07,12,0,0.0,0.0222,1.00e+00,0,0.0
Côte d'Ivoire,2008-12,17,0,0.0,0.021,1.00e+00,0,0.0
Côte d'Ivoire,2009-01,23,0,0.0,0.0207,1.00e+00,0,0.0
Côte d'Ivoire,2009-02,26,0,0.0,0.0205,1.00e+00,0,0.0
Côte d'Ivoire,2009-03,34,0,0.0,0.0196,1.00e+00,0,0.0
Côte d'Ivoire,2009-04,30,0,0.0,0.0189,1.00e+00,0,0.0
Côte d'Ivoire,2009-05,29,0,0.0,0.0185,1.00e+00,0,0.0
Côte d'Ivoire,2009-06,22,1,0.045,0.0173,3.19e-01,0,0.18
Côte d'Ivoire,2009-07,28,2,0.071,0.017,8.17e-02,0,0.99
Côte d'Ivoire,2009-08,34,2,0.059,0.0167,1.10e-01,0,0.81
Côte d'Ivoire,2009-09,43,1,0.023,0.0193,5.67e-01,0,0.55
Côte d'Ivoire,2009-10,47,1,0.021,0.0217,6.44e-01,0,0.29
Côte d'Ivoire,2009-11,47,1,0.021,0.021,6.32e-01,0,-1.82
Côte d'Ivoire,2009-12,48,10,0.208,0.0198,3.01e-08,1,-2.07
Côte d'Ivoire,2010-01,45,10,0.222,0.0217,3.65e-08,1,-3.57
Côte d'Ivoire,2010-02,45,10,0.222,0.0211,2.78e-08,1,-6.31
Côte d'Ivoire,2010-03,45,6,0.133,0.0423,1.13e-02,0,-10.33
Côte d'Ivoire,2010-04,42,5,0.119,0.0435,3.47e-02,0,-10.31
Côte d'Ivoire,2010-05,44,5,0.114,0.0424,3.76e-02,0,-5.53
Côte d'Ivoire,2010-06,36,2,0.056,0.0515,5.59e-01,0,-2.74
Côte d'Ivoire,2010-07,37,2,0.054,0.0504,5.63e-01,0,-2.93
Côte d'Ivoire,2010-08,45,2,0.044,0.049,6.54e-01,0,-2.64
Côte d'Ivoire,2010-09,52,0,0.0,0.0518,1.00e+00,0,-3.83
Côte d'Ivoire,2010-10,43,0,0.0,0.0507,1.00e+00,0,-4.02
Côte d'Ivoire,2010-11,46,7,0.152,0.0486,6.48e-03,0,-1.06
Côte d'Ivoire,2010-12,39,18,0.462,0.0467,2.72e-14,1,4.27
Côte d'Ivoire,2011-01,41,18,0.439,0.0466,7.81e-14,1,4.06
Côte d'Ivoire,2011-02,32,23,0.719,0.0571,4.35e-22,1,7.27
Côte d'Ivoire,2011-03,34,16,0.471,0.0749,5.83e-10,1,3.97
Côte d'Ivoire,2011-04,35,17,0.486,0.0745,8.25e-11,1,4.41
Côte d'Ivoire,2011-05,20,5,0.25,0.0929,3.28e-02,0,0.37
Côte d'Ivoire,2011-06,27,13,0.481,0.097,3.64e-07,1,16.41
Côte d'Ivoire,2011-07,31,12,0.387,0.098,1.86e-05,1,13.66
Côte d'Ivoire,2011-08,33,12,0.364,0.098,3.87e-05,1,11.18
Côte d'Ivoire,2011-09,19,0,0.0,0.1134,1.00e+00,0,-6.14
Côte d'Ivoire,2011-10,19,0,0.0,0.112,1.00e+00,0,-7.92
Côte d'Ivoire,2011-11,24,0,0.0,0.1116,1.00e+00,0,-8.54
Côte d'Ivoire,2011-12,21,0,0.0,0.1101,1.00e+00,0,-10.44
Côte d'Ivoire,2012-01,15,0,0.0,0.1088,1.00e+00,0,-45.82
Côte d'Ivoire,2012-02,26,0,0.0,0.1076,1.00e+00,0,-32.09
Côte d'Ivoire,2012-03,30,1,0.033,0.1067,9.66e-01,0,-27.07
Côte d'Ivoire,2012-04,39,1,0.026,0.1064,9.88e-01,0,-8.66
Côte d'Ivoire,2012-05,27,1,0.037,0.1036,9.48e-01,0,-3.02
Côte d'Ivoire,2012-06,22,0,0.0,0.1035,1.00e+00,0,-2.97
Côte d'Ivoire,2012-07,24,1,0.042,0.102,9.24e-01,0,-2.28
Côte d'Ivoire,2012-08,35,2,0.057,0.1011,8.82e-01,0,-9.27
Côte d'Ivoire,2012-09,35,2,0.057,0.1004,8.79e-01,0,-12.87
Côte d'Ivoire,2012-10,40,1,0.025,0.1,9.85e-01,0,-18.73
Côte d'Ivoire,2012-11,29,0,0.0,0.0991,1.00e+00,0,-298.45
Côte d'Ivoire,2012-12,31,0,0.0,0.0984,1.00e+00,0,-125.5
Côte d'Ivoire,2013-01,22,0,0.0,0.0962,1.00e+00,0,-46.11
Côte d'Ivoire,2013-02,29,0,0.0,0.0954,1.00e+00,0,-24.93
Côte d'Ivoire,2013-03,32,5,0.156,0.0946,1.81e-01,0,-15.65
Côte d'Ivoire,2013-04,30,5,0.167,0.0935,1.44e-01,0,-9.82
Côte d'Ivoire,2013-05,18,6,0.333,0.092,4.25e-03,0,-8.47
Côte d'Ivoire,2013-06,14,1,0.071,0.097,7.60e-01,0,-3.47
Côte d'Ivoire,2013-07,11,2,0.182,0.0962,2.86e-01,0,-10.14
Côte d'Ivoire,2013-08,19,4,0.211,0.0972,1.06e-01,0,-8.93
Côte d'Ivoire,2013-09,21,4,0.19,0.0965,1.38e-01,0,-13.05
Côte d'Ivoire,2013-10,27,3,0.111,0.0973,4.96e-01,0,-8.13
Côte d'Ivoire,2013-11,24,0,0.0,0.0998,1.00e+00,0,-6.38
Côte d'Ivoire,2013-12,29,5,0.172,0.0988,1.53e-01,0,-2.58
Côte d'Ivoire,2014-01,38,5,0.132,0.0977,3.12e-01,0,-2.32
Côte d'Ivoire,2014-02,52,11,0.212,0.097,1.02e-02,0,-2.05
Côte d'Ivoire,2014-03,49,8,0.163,0.1012,1.18e-01,0,-1.55
Côte d'Ivoire,2014-04,59,12,0.203,0.0991,1.20e-02,0,-0.92
Côte d'Ivoire,2014-05,54,12,0.222,0.1034,8.15e-03,0,-1.62
Côte d'Ivoire,2014-06,56,11,0.196,0.1045,2.86e-02,0,-2.71
Côte d'Ivoire,2014-07,38,9,0.237,0.1055,1.54e-02,0,-6.33
Côte d'Ivoire,2014-08,25,3,0.12,0.11,5.29e-01,0,-8.98
Côte d'Ivoire,2014-09,19,2,0.105,0.1097,6.32e-01,0,-10.16
Côte d'Ivoire,2014-10,15,0,0.0,0.1104,1.00e+00,0,-4.84
Côte d'Ivoire,2014-11,14,0,0.0,0.1102,1.00e+00,0,-3.2
Côte d'Ivoire,2014-12,16,5,0.312,0.1096,2.45e-02,0,-1.23
Côte d'Ivoire,2015-01,17,5,0.294,0.1088,3.08e-02,0,-2.4
Côte d'Ivoire,2015-02,27,11,0.407,0.1087,6.16e-05,1,-0.96
Côte d'Ivoire,2015-03,28,12,0.429,0.1127,2.23e-05,1,0.26
Côte d'Ivoire,2015-04,25,12,0.48,0.1119,4.87e-06,1,0.84
Côte d'Ivoire,2015-05,19,6,0.316,0.1164,1.76e-02,0,0.2
Côte d'Ivoire,2015-06,21,1,0.048,0.1211,9.34e-01,0,-1.46
Côte d'Ivoire,2015-07,17,1,0.059,0.1205,8.87e-01,0,-0.57
Côte d'Ivoire,2015-08,18,7,0.389,0.12,3.40e-03,0,-0.11
Vietnam,2007-11,16,0,0.0,0.0606,1.00e+00,0,0.0
Vietnam,2007-12,15,0,0.0,0.0556,1.00e+00,0,0.0
Vietnam,2008-03,10,2,0.2,0.0392,5.61e-02,0,3.24
Vietnam,2008-06,10,0,0.0,0.0656,1.00e+00,0,-6.68
Vietnam,2008-07,19,0,0.0,0.0645,1.00e+00,0,-2.59
Vietnam,2008-08,21,0,0.0,0.0635,1.00e+00,0,-2.02
Vietnam,2008-09,35,0,0.0,0.0563,1.00e+00,0,0.0
Vietnam,2008-10,30,0,0.0,0.0494,1.00e+00,0,0.0
Vietnam,2008-11,39,0,0.0,0.0476,1.00e+00,0,0.0
Vietnam,2008-12,21,0,0.0,0.0377,1.00e+00,0,0.0
Vietnam,2009-01,16,0,0.0,0.036,1.00e+00,0,0.0
Vietnam,2009-03,10,0,0.0,0.0315,1.00e+00,0,0.0
Vietnam,2009-04,22,0,0.0,0.0315,1.00e+00,0,0.0
Vietnam,2009-05,17,0,0.0,0.0303,1.00e+00,0,0.0
Vietnam,2009-06,14,0,0.0,0.0292,1.00e+00,0,0.0
Vietnam,2009-07,15,0,0.0,0.0268,1.00e+00,0,0.0
Vietnam,2009-08,19,0,0.0,0.0268,1.00e+00,0,0.0
Vietnam,2009-09,24,0,0.0,0.0265,1.00e+00,0,0.0
Vietnam,2009-10,21,0,0.0,0.0244,1.00e+00,0,0.0
Vietnam,2009-11,19,0,0.0,0.0238,1.00e+00,0,0.0
Vietnam,2009-12,15,0,0.0,0.0229,1.00e+00,0,-2.47
Vietnam,2010-03,36,0,0.0,0.0211,1.00e+00,0,0.0
Vietnam,2010-04,38,0,0.0,0.0206,1.00e+00,0,0.0
Vietnam,2010-05,42,0,0.0,0.0206,1.00e+00,0,0.0
Vietnam,2010-06,13,0,0.0,0.0177,1.00e+00,0,0.0
Vietnam,2010-07,21,0,0.0,0.0172,1.00e+00,0,0.0
Vietnam,2010-08,33,0,0.0,0.0169,1.00e+00,0,0.0
Vietnam,2010-09,34,0,0.0,0.0167,1.00e+00,0,0.0
Vietnam,2010-10,22,0,0.0,0.0158,1.00e+00,0,0.0
Vietnam,2010-11,10,0,0.0,0.0149,1.00e+00,0,0.0
Vietnam,2010-12,14,0,0.0,0.0147,1.00e+00,0,0.0
Vietnam,2011-01,12,0,0.0,0.0145,1.00e+00,0,0.0
Vietnam,2011-02,22,0,0.0,0.0143,1.00e+00,0,0.0
Vietnam,2011-03,14,0,0.0,0.0139,1.00e+00,0,0.0
Vietnam,2011-04,15,0,0.0,0.0139,1.00e+00,0,0.0
Vietnam,2011-06,15,0,0.0,0.0133,1.00e+00,0,0.0
Vietnam,2011-07,24,0,0.0,0.0132,1.00e+00,0,0.0
Vietnam,2011-08,23,0,0.0,0.0131,1.00e+00,0,0.0
Vietnam,2011-09,22,0,0.0,0.0127,1.00e+00,0,0.0
Vietnam,2011-10,19,0,0.0,0.0123,1.00e+00,0,0.0
Vietnam,2011-11,21,0,0.0,0.0122,1.00e+00,0,0.0
Vietnam,2011-12,15,0,0.0,0.0118,1.00e+00,0,0.0
Vietnam,2012-03,10,0,0.0,0.0113,1.00e+00,0,0.0
Vietnam,2012-04,15,0,0.0,0.0113,1.00e+00,0,0.0
Vietnam,2012-05,21,0,0.0,0.0112,1.00e+00,0,0.0
Vietnam,2012-06,21,0,0.0,0.011,1.00e+00,0,0.0
Vietnam,2012-07,18,0,0.0,0.0109,1.00e+00,0,0.0
Vietnam,2012-08,13,0,0.0,0.0106,1.00e+00,0,0.0
Vietnam,2012-10,20,0,0.0,0.0104,1.00e+00,0,0.0
Vietnam,2012-11,23,0,0.0,0.0103,1.00e+00,0,0.0
Vietnam,2012-12,37,0,0.0,0.0102,1.00e+00,0,0.0
Vietnam,2013-01,31,0,0.0,0.0099,1.00e+00,0,0.0
Vietnam,2013-02,30,0,0.0,0.0097,1.00e+00,0,0.0
Vietnam,2013-03,19,0,0.0,0.0093,1.00e+00,0,0.0
Vietnam,2013-04,24,0,0.0,0.0092,1.00e+00,0,0.0
Vietnam,2013-05,29,0,0.0,0.009,1.00e+00,0,0.0
Vietnam,2013-06,28,0,0.0,0.0089,1.00e+00,0,0.0
Vietnam,2013-07,26,0,0.0,0.0087,1.00e+00,0,0.0
Vietnam,2013-08,18,0,0.0,0.0085,1.00e+00,0,0.0
Vietnam,2013-09,25,0,0.0,0.0084,1.00e+00,0,0.0
Vietnam,2013-10,18,0,0.0,0.0082,1.00e+00,0,-0.07
Vietnam,2013-11,16,0,0.0,0.0082,1.00e+00,0,-0.08
Vietnam,2013-12,14,0,0.0,0.008,1.00e+00,0,-0.1
Vietnam,2014-01,20,0,0.0,0.0079,1.00e+00,0,-4.79
Vietnam,2014-02,20,0,0.0,0.0079,1.00e+00,0,-4.79
Vietnam,2014-03,13,0,0.0,0.0078,1.00e+00,0,-7.37
Vietnam,2014-04,17,0,0.0,0.0076,1.00e+00,0,0.0
Vietnam,2014-05,19,0,0.0,0.0076,1.00e+00,0,0.0
Vietnam,2014-06,23,0,0.0,0.0076,1.00e+00,0,0.0
Vietnam,2014-07,19,0,0.0,0.0074,1.00e+00,0,-0.99
Vietnam,2014-08,25,0,0.0,0.0073,1.00e+00,0,-0.76
Vietnam,2014-09,30,1,0.033,0.0073,1.97e-01,0,-0.79
Vietnam,2014-10,26,1,0.038,0.0071,1.70e-01,0,-0.18
Vietnam,2014-11,25,1,0.04,0.007,1.61e-01,0,-0.19
Vietnam,2014-12,27,0,0.0,0.0086,1.00e+00,0,-0.4
Vietnam,2015-01,26,0,0.0,0.0085,1.00e+00,0,-0.42
Vietnam,2015-02,21,0,0.0,0.0084,1.00e+00,0,-0.51
Vietnam,2015-03,26,1,0.038,0.0082,1.94e-01,0,0.08
Vietnam,2015-04,23,1,0.043,0.0082,1.72e-01,0,0.09
Vietnam,2015-05,20,1,0.05,0.0081,1.50e-01,0,0.1
Vietnam,2015-07,31,0,0.0,0.0094,1.00e+00,0,-0.2
Vietnam,2015-08,37,1,0.027,0.0094,2.96e-01,0,-0.11
Vietnam,2015-09,51,1,0.02,0.0094,3.82e-01,0,-0.08
Nigeria,2007-08,24,2,0.083,0.0556,3.88e-01,0,2.02
Nigeria,2007-09,24,2,0.083,0.0435,2.81e-01,0,2.02
Nigeria,2007-10,14,2,0.143,0.0351,8.47e-02,0,3.47
Nigeria,2007-11,19,0,0.0,0.0667,1.00e+00,0,0.0
Nigeria,2007-12,20,0,0.0,0.0571,1.00e+00,0,0.0
Nigeria,2008-01,31,1,0.032,0.0563,8.34e-01,0,0.17
Nigeria,2008-02,28,1,0.036,0.0506,7.67e-01,0,-1.06
Nigeria,2008-03,21,1,0.048,0.0444,6.15e-01,0,-2.34
Nigeria,2008-04,23,0,0.0,0.049,1.00e+00,0,-3.28
Nigeria,2008-05,32,0,0.0,0.0467,1.00e+00,0,-1.26
Nigeria,2008-06,37,0,0.0,0.045,1.00e+00,0,-2.22
Nigeria,2008-07,42,0,0.0,0.04,1.00e+00,0,-2.59
Nigeria,2008-08,43,0,0.0,0.036,1.00e+00,0,-3.0
Nigeria,2008-09,59,0,0.0,0.0338,1.00e+00,0,-3.18
Nigeria,2008-10,57,0,0.0,0.0299,1.00e+00,0,-2.66
Nigeria,2008-11,55,0,0.0,0.0275,1.00e+00,0,-4.38
Nigeria,2008-12,32,0,0.0,0.0242,1.00e+00,0,-11.32
Nigeria,2009-01,23,0,0.0,0.0223,1.00e+00,0,-8.36
Nigeria,2009-02,18,0,0.0,0.0211,1.00e+00,0,-1.26
Nigeria,2009-03,37,0,0.0,0.0209,1.00e+00,0,-0.77
Nigeria,2009-04,41,1,0.024,0.0202,5.68e-01,0,0.57
Nigeria,2009-05,50,1,0.02,0.0196,6.28e-01,0,0.59
Nigeria,2009-06,53,1,0.019,0.0181,6.21e-01,0,0.5
Nigeria,2009-07,43,0,0.0,0.0208,1.00e+00,0,-0.87
Nigeria,2009-08,58,9,0.155,0.0197,1.97e-06,1,-4.92
Nigeria,2009-09,41,9,0.22,0.0182,4.61e-08,1,-3.31
Nigeria,2009-10,69,14,0.203,0.0181,2.51e-11,1,-2.62
Nigeria,2009-11,44,5,0.114,0.0413,3.44e-02,0,-4.39
Nigeria,2009-12,52,5,0.096,0.0405,5.90e-02,0,-3.52
Nigeria,2010-01,25,0,0.0,0.05,1.00e+00,0,-5.26
Nigeria,2010-02,18,0,0.0,0.0491,1.00e+00,0,-2.59
Nigeria,2010-03,58,0,0.0,0.0474,1.00e+00,0,-9.5
Nigeria,2010-04,55,0,0.0,0.0471,1.00e+00,0,-9.17
Nigeria,2010-05,98,4,0.041,0.0471,6.83e-01,0,-6.82
Nigeria,2010-06,104,6,0.058,0.0417,2.66e-01,0,-5.56
Nigeria,2010-07,105,6,0.057,0.0417,2.74e-01,0,-5.5
Nigeria,2010-08,91,15,0.165,0.0459,1.68e-05,1,-5.23
Nigeria,2010-09,30,13,0.433,0.0445,1.58e-10,1,-2.65
Nigeria,2010-10,29,13,0.448,0.0444,9.14e-11,1,-2.52
Nigeria,2010-11,16,9,0.562,0.0635,1.28e-07,1,4.62
Nigeria,2010-12,17,9,0.529,0.0635,2.56e-07,1,4.38
Nigeria,2011-01,18,9,0.5,0.0635,4.82e-07,1,1.7
Nigeria,2011-02,17,0,0.0,0.0762,1.00e+00,0,-3.63
Nigeria,2011-03,16,0,0.0,0.0761,1.00e+00,0,-3.72
Nigeria,2011-04,16,0,0.0,0.0759,1.00e+00,0,-1.54
Nigeria,2011-05,17,3,0.176,0.0742,1.27e-01,0,-7.19
Nigeria,2011-06,19,3,0.158,0.0742,1.63e-01,0,-6.39
Nigeria,2011-07,44,23,0.523,0.0741,4.32e-15,1,0.65
Nigeria,2011-08,31,20,0.645,0.0768,1.88e-15,1,4.44
Nigeria,2011-09,43,21,0.488,0.0766,7.31e-13,1,0.98
Nigeria,2011-10,27,1,0.037,0.1026,9.46e-01,0,-13.66
Nigeria,2011-11,24,1,0.042,0.1022,9.25e-01,0,-12.65
Nigeria,2011-12,28,0,0.0,0.1016,1.00e+00,0,-18.27
Nigeria,2012-01,19,0,0.0,0.1001,1.00e+00,0,-16.27
Nigeria,2012-02,35,0,0.0,0.1001,1.00e+00,0,-25.36
Nigeria,2012-03,18,0,0.0,0.0977,1.00e+00,0,-34.07
Nigeria,2012-04,26,0,0.0,0.0976,1.00e+00,0,-30.37
Nigeria,2012-05,10,0,0.0,0.0955,1.00e+00,0,-20.99
Nigeria,2012-06,27,0,0.0,0.0954,1.00e+00,0,-14.62
Nigeria,2012-07,45,1,0.022,0.0942,9.88e-01,0,-6.7
Nigeria,2012-08,60,2,0.033,0.0942,9.81e-01,0,-5.63
Nigeria,2012-09,43,2,0.047,0.0921,9.16e-01,0,-2.56
Nigeria,2012-10,18,1,0.056,0.0902,8.18e-01,0,-1.68
Nigeria,2012-11,25,5,0.2,0.0898,6.81e-02,0,0.55
Nigeria,2012-12,39,8,0.205,0.0897,2.06e-02,0,0.75
Nigeria,2013-01,49,14,0.286,0.0895,6.90e-05,1,0.96
Nigeria,2013-02,49,13,0.265,0.0931,4.11e-04,1,1.18
Nigeria,2013-03,38,13,0.342,0.0949,2.78e-05,1,2.72
Nigeria,2013-04,27,8,0.296,0.1005,3.98e-03,0,3.91
Nigeria,2013-05,42,7,0.167,0.1024,1.33e-01,0,-2.68
Nigeria,2013-06,39,4,0.103,0.1053,5.99e-01,0,-4.1
Nigeria,2013-07,50,4,0.08,0.1063,7.92e-01,0,-5.06
Nigeria,2013-08,14,1,0.071,0.1053,7.89e-01,0,-5.09
Nigeria,2013-09,28,6,0.214,0.1052,6.74e-02,0,-2.88
Nigeria,2013-10,26,5,0.192,0.1049,1.30e-01,0,-1.94
Nigeria,2013-11,49,18,0.367,0.1048,1.07e-06,1,-1.39
Nigeria,2013-12,41,13,0.317,0.1084,2.64e-04,1,-1.76
Nigeria,2014-01,40,13,0.325,0.1073,1.80e-04,1,-0.99
Nigeria,2014-02,31,0,0.0,0.1176,1.00e+00,0,-2.43
Nigeria,2014-03,25,0,0.0,0.1168,1.00e+00,0,-2.2
Nigeria,2014-04,24,5,0.208,0.1158,1.37e-01,0,-1.51
Nigeria,2014-05,15,5,0.333,0.1141,2.17e-02,0,-3.86
Nigeria,2014-06,25,5,0.2,0.114,1.49e-01,0,-5.97
Nigeria,2014-07,20,1,0.05,0.1179,9.19e-01,0,-7.17
Nigeria,2014-08,20,5,0.25,0.1173,7.64e-02,0,-3.47
Nigeria,2014-09,23,10,0.435,0.116,1.20e-04,1,-1.03
Nigeria,2014-10,29,9,0.31,0.1167,4.49e-03,0,-2.66
Nigeria,2014-11,23,5,0.217,0.1197,1.33e-01,0,-3.92
Nigeria,2014-12,13,0,0.0,0.1228,1.00e+00,0,-5.82
Nigeria,2015-01,20,3,0.15,0.1218,4.47e-01,0,-2.11
Nigeria,2015-02,28,3,0.107,0.1218,6.80e-01,0,-2.74
Nigeria,2015-03,35,8,0.229,0.1214,5.48e-02,0,-2.58
Nigeria,2015-04,36,5,0.139,0.1223,4.54e-01,0,-5.48
Nigeria,2015-05,43,5,0.116,0.1214,6.11e-01,0,-5.64
Nigeria,2015-06,49,1,0.02,0.1247,9.99e-01,0,-4.45
Nigeria,2015-07,39,2,0.051,0.1228,9.61e-01,0,-2.28
Nigeria,2015-08,31,2,0.065,0.1212,9.04e-01,0,-1.24
Nigeria,2015-09,16,1,0.062,0.1203,8.71e-01,0,-1.14
Zambia,2007-08,23,0,0.0,0.0244,1.00e+00,0,0.0
Zambia,2007-09,22,0,0.0,0.0196,1.00e+00,0,0.0
Zambia,2007-10,26,0,0.0,0.0179,1.00e+00,0,0.0
Zambia,2007-11,34,0,0.0,0.0156,1.00e+00,0,-1.11
Zambia,2007-12,36,0,0.0,0.0137,1.00e+00,0,-1.05
Zambia,2008-01,35,0,0.0,0.0122,1.00e+00,0,-1.08
Zambia,2008-02,29,0,0.0,0.0102,1.00e+00,0,0.0
Zambia,2008-03,24,0,0.0,0.0092,1.00e+00,0,0.0
Zambia,2008-04,21,0,0.0,0.0085,1.00e+00,0,0.0
Zambia,2008-05,20,1,0.05,0.0079,1.46e-01,0,0.2
Zambia,2008-06,21,1,0.048,0.0075,1.47e-01,0,0.19
Zambia,2008-07,26,1,0.038,0.0072,1.72e-01,0,0.16
Zambia,2008-08,27,0,0.0,0.0136,1.00e+00,0,0.0
Zambia,2008-09,27,0,0.0,0.013,1.00e+00,0,0.0
Zambia,2008-10,25,0,0.0,0.0122,1.00e+00,0,0.0
Zambia,2008-11,24,0,0.0,0.0115,1.00e+00,0,0.0
Zambia,2008-12,23,0,0.0,0.011,1.00e+00,0,0.0
Zambia,2009-01,16,0,0.0,0.0106,1.00e+00,0,0.0
Zambia,2009-06,13,0,0.0,0.0094,1.00e+00,0,0.0
Zambia,2009-07,15,0,0.0,0.0093,1.00e+00,0,0.0
Zambia,2009-08,18,0,0.0,0.0093,1.00e+00,0,0.0
Zambia,2009-09,24,0,0.0,0.0089,1.00e+00,0,0.0
Zambia,2009-10,32,0,0.0,0.0087,1.00e+00,0,-0.27
Zambia,2009-11,35,0,0.0,0.0086,1.00e+00,0,-2.72
Zambia,2009-12,23,1,0.043,0.008,1.69e-01,0,-8.45
Zambia,2010-01,16,1,0.062,0.0077,1.16e-01,0,-11.89
Zambia,2010-02,11,1,0.091,0.0075,7.94e-02,0,-9.44
Zambia,2010-03,20,1,0.05,0.011,1.99e-01,0,-2.16
Zambia,2010-04,20,1,0.05,0.0108,1.96e-01,0,-6.68
Zambia,2010-05,22,1,0.045,0.0108,2.12e-01,0,-6.44
Zambia,2010-06,13,0,0.0,0.0137,1.00e+00,0,-27.97
Zambia,2010-07,10,0,0.0,0.0135,1.00e+00,0,-27.72
Zambia,2010-10,11,0,0.0,0.013,1.00e+00,0,-14.29
Zambia,2010-11,19,3,0.158,0.013,1.83e-03,0,-12.96
Zambia,2010-12,23,10,0.435,0.0128,1.14e-13,1,-4.37
Zambia,2011-01,21,10,0.476,0.0126,3.08e-14,1,-4.88
Zambia,2011-02,18,10,0.556,0.0215,7.79e-13,1,-0.3
Zambia,2011-03,12,4,0.333,0.0417,1.14e-03,0,-7.98
Zambia,2011-04,15,7,0.467,0.0413,9.83e-07,1,-2.61
Zambia,2011-05,16,10,0.625,0.0494,5.28e-10,1,4.38
Zambia,2011-06,17,14,0.824,0.0517,5.75e-16,1,16.23
Zambia,2011-07,19,12,0.632,0.0593,6.46e-11,1,13.7
Zambia,2011-08,24,7,0.292,0.075,1.47e-03,0,2.7
Zambia,2011-09,26,4,0.154,0.0877,1.89e-01,0,-5.6
Zambia,2011-10,19,3,0.158,0.0885,2.34e-01,0,-6.35
Zambia,2011-11,19,4,0.211,0.0885,8.13e-02,0,-20.59
Zambia,2011-12,21,2,0.095,0.0921,5.88e-01,0,-22.55
Zambia,2012-01,23,3,0.13,0.0918,3.55e-01,0,-21.76
Zambia,2012-02,22,1,0.045,0.0943,8.87e-01,0,-19.93
Zambia,2012-03,17,1,0.059,0.0922,8.07e-01,0,-20.55
Zambia,2012-04,24,0,0.0,0.094,1.00e+00,0,-18.41
Zambia,2012-05,17,0,0.0,0.0918,1.00e+00,0,-10.16
Zambia,2012-06,20,1,0.05,0.0909,8.51e-01,0,-12.75
Zambia,2012-07,16,2,0.125,0.0888,4.22e-01,0,-11.38
Zambia,2012-08,16,4,0.25,0.0882,4.66e-02,0,-10.2
Zambia,2012-09,20,4,0.2,0.0891,9.65e-02,0,-8.43
Zambia,2012-10,22,3,0.136,0.0901,3.18e-01,0,-6.74
Zambia,2012-11,23,2,0.087,0.0939,6.50e-01,0,-6.72
Zambia,2012-12,17,1,0.059,0.0938,8.13e-01,0,-2.18
Zambia,2013-01,10,1,0.1,0.0922,6.20e-01,0,-1.21
Zambia,2013-05,13,1,0.077,0.092,7.15e-01,0,-35.57
Zambia,2013-06,19,2,0.105,0.0933,5.40e-01,0,-15.62
Zambia,2013-07,25,4,0.16,0.0929,1.98e-01,0,-8.79
Zambia,2013-08,24,7,0.292,0.0916,4.62e-03,0,-3.71
Zambia,2013-09,19,6,0.316,0.0938,6.28e-03,0,-1.65
Zambia,2013-10,18,4,0.222,0.0962,8.77e-02,0,0.07
Zambia,2013-11,24,4,0.167,0.1008,2.18e-01,0,-0.32
Zambia,2013-12,21,3,0.143,0.1017,3.62e-01,0,-0.02
Zambia,2014-01,24,4,0.167,0.1004,2.16e-01,0,1.03
Zambia,2014-02,16,1,0.062,0.1036,8.26e-01,0,1.74
Zambia,2014-03,19,3,0.158,0.1033,3.12e-01,0,2.38
Zambia,2014-04,11,4,0.364,0.1032,2.06e-02,0,1.91
Zambia,2014-05,14,9,0.643,0.1025,1.54e-06,1,3.79
Zambia,2014-06,14,11,0.786,0.1051,4.63e-09,1,4.1
Zambia,2014-07,30,13,0.433,0.1082,5.57e-06,1,0.06
Zambia,2014-08,24,8,0.333,0.1155,4.21e-03,0,-0.89
Zambia,2014-09,34,15,0.441,0.1214,3.46e-06,1,1.38
Zambia,2014-10,24,14,0.583,0.1244,1.22e-07,1,2.13
Zambia,2014-11,25,15,0.6,0.1242,2.45e-08,1,1.81
Zambia,2014-12,11,4,0.364,0.1389,5.47e-02,0,-3.65
Zambia,2015-02,13,5,0.385,0.1431,2.84e-02,0,-0.74
Zambia,2015-03,19,9,0.474,0.1429,5.84e-04,1,1.1
Zambia,2015-04,21,9,0.429,0.1426,1.40e-03,0,0.69
Zambia,2015-05,27,6,0.222,0.148,2.01e-01,0,-1.01
Zambia,2015-06,21,2,0.095,0.1525,8.52e-01,0,-2.58
Zambia,2015-07,20,3,0.15,0.1518,6.04e-01,0,-2.02
Zambia,2015-08,16,8,0.5,0.151,1.11e-03,0,1.02
Tanzania,2007-11,16,0,0.0,0.0312,1.00e+00,0,0.0
Tanzania,2007-12,10,0,0.0,0.025,1.00e+00,0,0.0
Tanzania,2008-04,15,2,0.133,0.0196,3.41e-02,0,0.09
Tanzania,2008-05,12,2,0.167,0.0179,1.87e-02,0,0.11
Tanzania,2008-06,14,2,0.143,0.0169,2.28e-02,0,0.1
Tanzania,2008-07,21,0,0.0,0.0455,1.00e+00,0,0.0
Tanzania,2008-08,26,0,0.0,0.0441,1.00e+00,0,0.0
Tanzania,2008-09,32,0,0.0,0.0411,1.00e+00,0,0.0
Tanzania,2008-10,19,0,0.0,0.0345,1.00e+00,0,0.0
Tanzania,2008-11,14,0,0.0,0.0319,1.00e+00,0,0.0
Tanzania,2009-05,12,0,0.0,0.027,1.00e+00,0,0.0
Tanzania,2009-06,11,0,0.0,0.0261,1.00e+00,0,0.0
Tanzania,2009-07,11,0,0.0,0.0259,1.00e+00,0,0.0
Tanzania,2009-09,10,0,0.0,0.0238,1.00e+00,0,0.0
Tanzania,2009-10,14,0,0.0,0.0236,1.00e+00,0,0.0
Tanzania,2009-11,13,0,0.0,0.0227,1.00e+00,0,0.0
Tanzania,2009-12,14,0,0.0,0.0221,1.00e+00,0,0.0
Tanzania,2010-01,11,0,0.0,0.0213,1.00e+00,0,0.0
Tanzania,2010-08,13,2,0.154,0.0187,2.39e-02,0,-0.67
Tanzania,2010-09,14,2,0.143,0.0185,2.69e-02,0,-2.22
Tanzania,2010-10,13,2,0.154,0.0182,2.26e-02,0,-1.71
Tanzania,2011-03,10,0,0.0,0.0328,1.00e+00,0,-2.09
Tanzania,2011-04,12,0,0.0,0.0328,1.00e+00,0,-1.74
Tanzania,2011-05,10,0,0.0,0.0323,1.00e+00,0,-2.09
Tanzania,2011-06,11,1,0.091,0.0311,2.93e-01,0,2.08
Tanzania,2011-07,16,2,0.125,0.0308,8.54e-02,0,2.87
Tanzania,2011-08,17,3,0.176,0.0306,1.41e-02,0,1.9
Tanzania,2011-09,21,3,0.143,0.0343,3.39e-02,0,-1.41
Tanzania,2011-10,20,5,0.25,0.0379,7.53e-04,1,-1.21
Tanzania,2011-11,20,4,0.2,0.0423,8.96e-03,0,-2.02
Tanzania,2011-12,16,3,0.188,0.0444,3.18e-02,0,-9.82
Tanzania,2012-01,12,0,0.0,0.0563,1.00e+00,0,-15.46
Tanzania,2012-02,19,0,0.0,0.0558,1.00e+00,0,-28.61
Tanzania,2012-03,30,1,0.033,0.0539,8.11e-01,0,-17.65
Tanzania,2012-04,38,1,0.026,0.0535,8.76e-01,0,-16.86
Tanzania,2012-05,36,1,0.028,0.0516,8.51e-01,0,-7.31
Tanzania,2012-06,18,0,0.0,0.0517,1.00e+00,0,-6.74
Tanzania,2012-07,14,0,0.0,0.0498,1.00e+00,0,-3.04
Tanzania,2012-08,11,0,0.0,0.0486,1.00e+00,0,-5.4
Tanzania,2012-09,11,0,0.0,0.0484,1.00e+00,0,-5.4
Tanzania,2012-10,18,4,0.222,0.0475,9.08e-03,0,-4.87
Tanzania,2012-11,24,4,0.167,0.0468,2.41e-02,0,-5.62
Tanzania,2012-12,33,4,0.121,0.0467,6.62e-02,0,-4.09
Tanzania,2013-01,22,0,0.0,0.0575,1.00e+00,0,-3.37
Tanzania,2013-02,15,0,0.0,0.0557,1.00e+00,0,-1.39
Tanzania,2013-04,14,1,0.071,0.0537,5.38e-01,0,-5.97
Tanzania,2013-05,18,1,0.056,0.0533,6.27e-01,0,-15.14
Tanzania,2013-06,22,4,0.182,0.0526,2.62e-02,0,-12.23
Tanzania,2013-07,17,3,0.176,0.0544,6.19e-02,0,-14.16
Tanzania,2013-08,14,4,0.286,0.0534,5.27e-03,0,-1.45
Tanzania,2013-09,33,3,0.091,0.0604,3.22e-01,0,-9.34
Tanzania,2013-10,38,3,0.079,0.0601,4.02e-01,0,-8.77
Tanzania,2013-11,43,6,0.14,0.0622,4.87e-02,0,-7.75
Tanzania,2013-12,26,4,0.154,0.063,7.76e-02,0,-2.21
Tanzania,2014-01,24,5,0.208,0.0619,1.43e-02,0,-0.76
Tanzania,2014-02,29,15,0.517,0.0702,1.49e-10,1,9.21
Tanzania,2014-03,27,19,0.704,0.0686,9.95e-17,1,14.26
Tanzania,2014-04,26,18,0.692,0.0701,1.50e-15,1,14.81
Tanzania,2014-05,23,8,0.348,0.0995,1.19e-03,0,3.34
Tanzania,2014-06,30,7,0.233,0.1067,3.52e-02,0,-0.72
Tanzania,2014-07,29,7,0.241,0.1057,2.84e-02,0,-0.44
Tanzania,2014-08,24,5,0.208,0.1118,1.23e-01,0,1.32
Tanzania,2014-09,19,11,0.579,0.1146,1.39e-06,1,12.46
Tanzania,2014-10,25,11,0.44,0.1139,4.01e-05,1,7.12
Tanzania,2014-11,21,9,0.429,0.1166,3.12e-04,1,6.39
Tanzania,2014-12,13,0,0.0,0.1323,1.00e+00,0,-7.68
Rwanda,2008-01,22,0,0.0,0.0588,1.00e+00,0,-0.09
Rwanda,2008-02,22,0,0.0,0.0556,1.00e+00,0,-0.09
Rwanda,2008-03,21,0,0.0,0.0526,1.00e+00,0,-1.64
Rwanda,2009-04,13,0,0.0,0.0274,1.00e+00,0,-2.49
Rwanda,2009-05,12,0,0.0,0.027,1.00e+00,0,-2.7
Rwanda,2010-04,14,0,0.0,0.0189,1.00e+00,0,-2.75
Rwanda,2010-05,14,0,0.0,0.0185,1.00e+00,0,-2.75
Rwanda,2010-06,18,0,0.0,0.0182,1.00e+00,0,-2.14
Rwanda,2010-07,11,0,0.0,0.0167,1.00e+00,0,-0.49
Rwanda,2010-08,11,0,0.0,0.0164,1.00e+00,0,-2.15
Rwanda,2010-12,10,0,0.0,0.0148,1.00e+00,0,0.0
Rwanda,2011-01,14,0,0.0,0.0146,1.00e+00,0,0.0
Rwanda,2011-02,16,0,0.0,0.0144,1.00e+00,0,0.0
Rwanda,2011-03,16,0,0.0,0.0138,1.00e+00,0,-0.21
Rwanda,2011-04,15,0,0.0,0.0132,1.00e+00,0,-0.22
Rwanda,2011-05,13,0,0.0,0.0129,1.00e+00,0,-4.46
Rwanda,2011-12,10,0,0.0,0.0116,1.00e+00,0,-3.17
Rwanda,2012-01,15,2,0.133,0.0116,1.27e-02,0,-1.98
Rwanda,2012-02,15,2,0.133,0.0112,1.20e-02,0,-0.72
Rwanda,2012-03,17,2,0.118,0.011,1.47e-02,0,-1.11
Rwanda,2012-04,17,0,0.0,0.0213,1.00e+00,0,-11.9
Rwanda,2012-05,14,0,0.0,0.0207,1.00e+00,0,-16.0
Rwanda,2012-06,25,0,0.0,0.0201,1.00e+00,0,-13.57
Rwanda,2012-07,27,0,0.0,0.0195,1.00e+00,0,-9.49
Rwanda,2012-08,47,0,0.0,0.0193,1.00e+00,0,-8.35
Rwanda,2012-09,37,0,0.0,0.0179,1.00e+00,0,-9.11
Rwanda,2012-10,41,2,0.049,0.0172,1.57e-01,0,-5.59
Rwanda,2012-11,20,2,0.1,0.0157,3.91e-02,0,-3.14
Rwanda,2012-12,14,2,0.143,0.0153,1.89e-02,0,0.67
Rwanda,2013-12,12,1,0.083,0.0208,2.23e-01,0,-6.69
Rwanda,2014-01,14,0,0.0,0.024,1.00e+00,0,-7.76
Rwanda,2014-02,20,7,0.35,0.0238,2.56e-07,1,-1.15
Rwanda,2014-03,22,7,0.318,0.0233,4.72e-07,1,0.37
Rwanda,2014-04,26,12,0.462,0.0229,1.47e-13,1,2.02
Rwanda,2014-05,24,6,0.25,0.0446,5.27e-04,1,-2.19
Rwanda,2014-06,23,11,0.478,0.0435,8.72e-10,1,5.13
Rwanda,2014-07,20,8,0.4,0.0572,7.77e-06,1,3.84
Rwanda,2014-08,24,8,0.333,0.0592,4.68e-05,1,-3.65
Rwanda,2014-09,20,4,0.2,0.0725,5.24e-02,0,-11.43
Rwanda,2014-10,15,2,0.133,0.0767,3.21e-01,0,-13.8
Rwanda,2014-12,12,1,0.083,0.0795,6.30e-01,0,-12.48
Rwanda,2015-01,18,1,0.056,0.079,7.73e-01,0,-14.5
Rwanda,2015-02,25,3,0.12,0.0809,3.29e-01,0,-7.72
Rwanda,2015-03,30,4,0.133,0.0796,2.13e-01,0,-5.64
Rwanda,2015-04,25,5,0.2,0.0779,4.10e-02,0,-1.92
Rwanda,2015-05,22,4,0.182,0.0833,1.06e-01,0,-3.59
Rwanda,2015-06,14,3,0.214,0.0835,1.06e-01,0,-1.93
Rwanda,2015-07,11,2,0.182,0.0854,2.41e-01,0,-3.31
Rwanda,2015-08,14,1,0.071,0.0885,7.27e-01,0,-6.79
Haiti,2008-04,43,0,0.0,0.0541,1.00e+00,0,-0.89
Haiti,2008-05,40,0,0.0,0.0426,1.00e+00,0,0.0
Haiti,2008-06,37,0,0.0,0.0323,1.00e+00,0,0.0
Haiti,2008-07,22,0,0.0,0.025,1.00e+00,0,0.0
Haiti,2008-08,25,0,0.0,0.023,1.00e+00,0,0.0
Haiti,2008-09,16,0,0.0,0.0202,1.00e+00,0,0.0
Haiti,2008-10,23,0,0.0,0.0196,1.00e+00,0,-1.79
Haiti,2008-11,25,0,0.0,0.0179,1.00e+00,0,-1.65
Haiti,2008-12,24,0,0.0,0.0174,1.00e+00,0,-1.71
Haiti,2009-01,15,0,0.0,0.016,1.00e+00,0,0.0
Haiti,2009-03,12,0,0.0,0.0144,1.00e+00,0,0.0
Haiti,2009-04,22,0,0.0,0.0143,1.00e+00,0,0.0
Haiti,2009-05,31,0,0.0,0.0143,1.00e+00,0,0.0
Haiti,2009-06,27,0,0.0,0.0132,1.00e+00,0,0.0
Haiti,2009-07,26,0,0.0,0.0123,1.00e+00,0,0.0
Haiti,2009-08,19,0,0.0,0.0117,1.00e+00,0,0.0
Haiti,2009-09,13,0,0.0,0.0112,1.00e+00,0,0.0
Haiti,2009-10,14,0,0.0,0.0106,1.00e+00,0,-4.91
Haiti,2009-11,21,0,0.0,0.0105,1.00e+00,0,-3.82
Haiti,2009-12,35,0,0.0,0.0105,1.00e+00,0,-3.89
Haiti,2010-01,29,2,0.069,0.0099,3.33e-02,0,-2.05
Haiti,2010-02,24,2,0.083,0.0095,2.16e-02,0,-2.5
Haiti,2010-03,31,3,0.097,0.0088,2.59e-03,0,-4.26
Haiti,2010-04,27,1,0.037,0.0173,3.76e-01,0,-5.2
Haiti,2010-05,26,2,0.077,0.017,7.19e-02,0,-4.88
Haiti,2010-06,22,8,0.364,0.0195,5.14e-09,1,-2.12
Haiti,2010-07,22,8,0.364,0.0194,4.99e-09,1,-2.45
Haiti,2010-08,27,12,0.444,0.023,2.75e-13,1,-0.45
Haiti,2010-09,10,5,0.5,0.0466,4.54e-05,1,3.57
Haiti,2010-10,18,13,0.722,0.0464,3.20e-14,1,4.27
Haiti,2010-11,11,8,0.727,0.0625,3.24e-08,1,3.07
Haiti,2010-12,16,11,0.688,0.0623,1.78e-10,1,4.51
Haiti,2011-01,15,11,0.733,0.0872,2.18e-09,1,8.32
Haiti,2011-02,20,11,0.55,0.087,1.71e-07,1,3.41
Haiti,2011-03,16,8,0.5,0.0951,4.25e-05,1,1.85
Haiti,2011-04,16,2,0.125,0.1182,5.80e-01,0,-0.51
Haiti,2011-05,13,3,0.231,0.116,1.85e-01,0,4.36
Haiti,2011-06,18,4,0.222,0.1153,1.45e-01,0,0.52
Haiti,2011-07,17,5,0.294,0.1185,4.26e-02,0,-2.34
Haiti,2011-08,21,9,0.429,0.1205,4.01e-04,1,1.19
Haiti,2011-09,14,8,0.571,0.1209,6.97e-05,1,5.16
Haiti,2011-10,11,5,0.455,0.1272,7.89e-03,0,0.92
Haiti,2012-01,11,2,0.182,0.1373,4.58e-01,0,-2.21
Haiti,2012-02,13,0,0.0,0.1421,1.00e+00,0,-7.47
Haiti,2012-03,22,5,0.227,0.1413,1.91e-01,0,-3.22
Haiti,2012-04,18,5,0.278,0.1386,9.26e-02,0,-2.4
Haiti,2012-05,15,5,0.333,0.1371,4.42e-02,0,1.26
Haiti,2012-06,10,0,0.0,0.1462,1.00e+00,0,-21.72
Haiti,2012-07,10,1,0.1,0.1451,7.91e-01,0,-1.08
Haiti,2012-08,15,1,0.067,0.1447,9.04e-01,0,-0.72
Haiti,2012-09,11,1,0.091,0.1425,8.16e-01,0,-0.61
Haiti,2012-10,18,0,0.0,0.1439,1.00e+00,0,-8.92
Haiti,2012-11,17,0,0.0,0.1418,1.00e+00,0,-3.61
Haiti,2012-12,23,0,0.0,0.1411,1.00e+00,0,-30.38
Haiti,2013-01,17,0,0.0,0.1377,1.00e+00,0,-14.36
Haiti,2013-02,12,0,0.0,0.136,1.00e+00,0,-226.63
Haiti,2013-03,28,0,0.0,0.1335,1.00e+00,0,-20.81
Haiti,2013-04,30,0,0.0,0.1323,1.00e+00,0,-187.91
Haiti,2013-05,32,0,0.0,0.1323,1.00e+00,0,-176.17
Haiti,2013-06,14,0,0.0,0.1253,1.00e+00,0,-7.08
Haiti,2013-07,13,0,0.0,0.1236,1.00e+00,0,0.0
Haiti,2013-08,26,0,0.0,0.1231,1.00e+00,0,0.0
Haiti,2013-09,29,0,0.0,0.1215,1.00e+00,0,0.0
Haiti,2013-10,24,0,0.0,0.1203,1.00e+00,0,0.0
Haiti,2013-11,10,0,0.0,0.1166,1.00e+00,0,0.0
Haiti,2014-02,12,2,0.167,0.1142,4.06e-01,0,0.56
Haiti,2014-03,17,1,0.059,0.1155,8.76e-01,0,-4.01
Haiti,2014-04,15,1,0.067,0.1146,8.39e-01,0,-4.54
Haiti,2014-05,22,2,0.091,0.1155,7.40e-01,0,-2.67
Haiti,2014-06,20,3,0.15,0.1137,4.01e-01,0,1.92
Haiti,2014-07,23,3,0.13,0.1132,4.92e-01,0,1.67
Haiti,2014-08,18,1,0.056,0.1144,8.88e-01,0,1.35
Haiti,2014-09,18,0,0.0,0.115,1.00e+00,0,0.0
Haiti,2014-10,32,0,0.0,0.114,1.00e+00,0,0.0
Haiti,2014-11,31,0,0.0,0.1125,1.00e+00,0,0.0
Haiti,2014-12,27,0,0.0,0.1113,1.00e+00,0,0.0
Haiti,2015-01,14,0,0.0,0.1076,1.00e+00,0,0.0
Haiti,2015-02,16,1,0.062,0.1065,8.35e-01,0,0.59
Haiti,2015-03,29,1,0.034,0.1062,9.61e-01,0,0.3
Haiti,2015-04,34,1,0.029,0.1051,9.77e-01,0,0.0
Haiti,2015-05,37,0,0.0,0.1054,1.00e+00,0,-0.26
Haiti,2015-06,25,0,0.0,0.1028,1.00e+00,0,-0.35
Haiti,2015-07,26,0,0.0,0.101,1.00e+00,0,0.0
Haiti,2015-08,20,0,0.0,0.0992,1.00e+00,0,0.0
Haiti,2015-09,19,0,0.0,0.0987,1.00e+00,0,0.0
Zimbabwe,2008-01,15,0,0.0,0.0312,1.00e+00,0,0.0
Zimbabwe,2008-02,12,0,0.0,0.0263,1.00e+00,0,0.0
Zimbabwe,2008-03,22,0,0.0,0.0256,1.00e+00,0,0.0
Zimbabwe,2008-04,18,0,0.0,0.0213,1.00e+00,0,0.0
Zimbabwe,2008-05,15,0,0.0,0.02,1.00e+00,0,0.0
Zimbabwe,2008-06,14,0,0.0,0.0164,1.00e+00,0,0.0
Zimbabwe,2008-07,18,0,0.0,0.0154,1.00e+00,0,0.0
Zimbabwe,2008-08,18,0,0.0,0.0154,1.00e+00,0,0.0
Zimbabwe,2008-09,10,0,0.0,0.0133,1.00e+00,0,0.0
Zimbabwe,2008-11,10,0,0.0,0.012,1.00e+00,0,-1.82
Zimbabwe,2010-03,13,0,0.0,0.0084,1.00e+00,0,-12.76
Zimbabwe,2010-04,11,0,0.0,0.0083,1.00e+00,0,-15.08
Zimbabwe,2010-05,22,4,0.182,0.0083,3.03e-05,1,-8.77
Zimbabwe,2010-06,11,4,0.364,0.0076,1.04e-06,1,-2.45
Zimbabwe,2010-07,17,4,0.235,0.0076,7.24e-06,1,-3.49
Zimbabwe,2011-03,10,0,0.0,0.0577,1.00e+00,0,-8.23
Zimbabwe,2011-04,10,0,0.0,0.0577,1.00e+00,0,-8.23
Zimbabwe,2011-05,21,10,0.476,0.0577,7.98e-08,1,10.21
Zimbabwe,2011-06,23,22,0.957,0.0542,3.09e-27,1,20.41
Zimbabwe,2011-07,24,22,0.917,0.0542,3.51e-26,1,19.56
Zimbabwe,2011-08,21,12,0.571,0.1073,2.70e-07,1,3.92
Zimbabwe,2011-09,19,0,0.0,0.164,1.00e+00,0,-6.11
Zimbabwe,2011-10,31,4,0.129,0.1632,7.68e-01,0,-3.68
Zimbabwe,2011-11,29,6,0.207,0.1566,2.97e-01,0,-0.91
Zimbabwe,2011-12,25,9,0.36,0.149,7.64e-03,0,-0.57
Zimbabwe,2012-01,12,5,0.417,0.1584,2.97e-02,0,-1.35
Zimbabwe,2012-02,10,4,0.4,0.163,6.50e-02,0,-2.9
Zimbabwe,2012-04,16,1,0.062,0.1717,9.51e-01,0,-2.19
Zimbabwe,2012-05,27,5,0.185,0.173,5.12e-01,0,-3.77
Zimbabwe,2012-06,40,5,0.125,0.1715,8.39e-01,0,-23.91
Zimbabwe,2012-07,36,5,0.139,0.1647,7.29e-01,0,-31.63
Zimbabwe,2012-08,21,0,0.0,0.1742,1.00e+00,0,-50.3
Zimbabwe,2012-09,18,1,0.056,0.1649,9.61e-01,0,-35.94
Zimbabwe,2012-10,20,1,0.05,0.1614,9.70e-01,0,-24.89
Zimbabwe,2012-11,28,2,0.071,0.1614,9.54e-01,0,-17.83
Zimbabwe,2012-12,30,1,0.033,0.1582,9.94e-01,0,-3.35
Zimbabwe,2013-01,23,1,0.043,0.1541,9.79e-01,0,-2.73
Zimbabwe,2013-02,24,0,0.0,0.1534,1.00e+00,0,-3.04
Zimbabwe,2013-03,35,1,0.029,0.1468,9.96e-01,0,-9.94
Zimbabwe,2013-04,53,4,0.075,0.1463,9.62e-01,0,-10.21
Zimbabwe,2013-05,44,4,0.091,0.1424,8.90e-01,0,-12.03
Zimbabwe,2013-06,20,3,0.15,0.1354,5.21e-01,0,-10.39
Zimbabwe,2013-09,12,9,0.75,0.1361,2.39e-06,1,2.47
Zimbabwe,2013-10,16,12,0.75,0.1358,4.18e-08,1,1.35
Zimbabwe,2013-11,14,5,0.357,0.1513,4.83e-02,0,-1.78
Zimbabwe,2013-12,13,3,0.231,0.1548,3.26e-01,0,-1.92
Zimbabwe,2014-01,14,1,0.071,0.1604,9.14e-01,0,-4.05
Zimbabwe,2014-02,16,5,0.312,0.1584,9.55e-02,0,-3.75
Zimbabwe,2014-03,19,5,0.263,0.1572,1.67e-01,0,-8.56
Zimbabwe,2014-04,14,4,0.286,0.1574,1.67e-01,0,-8.77
Zimbabwe,2014-05,11,1,0.091,0.1643,8.61e-01,0,-104.16
Zimbabwe,2014-06,32,2,0.062,0.162,9.75e-01,0,-113.81
Zimbabwe,2014-07,39,2,0.051,0.1616,9.91e-01,0,-192.6
Zimbabwe,2014-08,36,1,0.028,0.1624,9.98e-01,0,-100.76
Zimbabwe,2014-09,22,2,0.091,0.155,8.76e-01,0,-0.64
Zimbabwe,2014-10,22,2,0.091,0.1524,8.69e-01,0,-36.91
Zimbabwe,2014-11,26,3,0.115,0.152,7.79e-01,0,-33.45
Zimbabwe,2014-12,13,1,0.077,0.1521,8.83e-01,0,-71.39
Zimbabwe,2015-02,13,1,0.077,0.1501,8.79e-01,0,-12.61
Zimbabwe,2015-03,24,4,0.167,0.1501,4.96e-01,0,-13.87
Zimbabwe,2015-04,28,4,0.143,0.1492,6.18e-01,0,-6.41
Zimbabwe,2015-05,24,3,0.125,0.1482,7.12e-01,0,-3.26
Zimbabwe,2015-06,13,0,0.0,0.1509,1.00e+00,0,-1.18
Zimbabwe,2015-07,11,0,0.0,0.1489,1.00e+00,0,-2.6
Zimbabwe,2015-08,10,0,0.0,0.1472,1.00e+00,0,-11.67
Ethiopia,2008-03,22,3,0.136,0.0938,3.41e-01,0,2.48
Ethiopia,2008-04,20,1,0.05,0.1316,9.40e-01,0,1.15
Ethiopia,2008-05,15,1,0.067,0.1136,8.36e-01,0,1.53
Ethiopia,2008-10,11,0,0.0,0.1,1.00e+00,0,-1.66
Ethiopia,2008-11,15,0,0.0,0.0984,1.00e+00,0,-4.23
Ethiopia,2008-12,19,0,0.0,0.0952,1.00e+00,0,-3.55
Ethiopia,2009-01,21,0,0.0,0.0845,1.00e+00,0,-3.05
Ethiopia,2009-02,24,0,0.0,0.0789,1.00e+00,0,-0.79
Ethiopia,2009-03,29,0,0.0,0.0732,1.00e+00,0,-0.51
Ethiopia,2009-04,19,0,0.0,0.0652,1.00e+00,0,0.0
Ethiopia,2009-05,11,0,0.0,0.06,1.00e+00,0,0.0
Ethiopia,2009-12,11,0,0.0,0.0536,1.00e+00,0,-2.7
Ethiopia,2010-01,11,0,0.0,0.0517,1.00e+00,0,-5.4
Ethiopia,2010-02,13,0,0.0,0.0513,1.00e+00,0,-4.57
Ethiopia,2010-03,10,1,0.1,0.0488,3.94e-01,0,-2.83
Ethiopia,2010-07,13,0,0.0,0.0526,1.00e+00,0,-20.7
Ethiopia,2010-08,11,0,0.0,0.0511,1.00e+00,0,-22.99
Ethiopia,2011-03,10,2,0.2,0.0581,1.11e-01,0,-4.65
Ethiopia,2012-04,13,0,0.0,0.073,1.00e+00,0,0.0
Ethiopia,2012-05,16,0,0.0,0.0726,1.00e+00,0,0.0
Ethiopia,2012-06,11,0,0.0,0.0703,1.00e+00,0,0.0
Ethiopia,2012-09,10,0,0.0,0.0663,1.00e+00,0,0.0
South Africa,2008-04,28,1,0.036,0.027,5.36e-01,0,
South Africa,2008-05,49,1,0.02,0.025,7.11e-01,0,
South Africa,2008-06,52,1,0.019,0.025,7.32e-01,0,
South Africa,2008-07,37,2,0.054,0.0308,3.16e-01,0,
South Africa,2008-08,29,2,0.069,0.0225,1.38e-01,0,
South Africa,2008-09,26,2,0.077,0.0217,1.09e-01,0,0.54
South Africa,2008-10,30,0,0.0,0.0392,1.00e+00,0,-8.23
South Africa,2008-11,43,0,0.0,0.0339,1.00e+00,0,-12.33
South Africa,2008-12,73,0,0.0,0.0339,1.00e+00,0,-11.31
South Africa,2009-01,90,0,0.0,0.0303,1.00e+00,0,-8.59
South Africa,2009-02,67,0,0.0,0.0248,1.00e+00,0,-2.57
South Africa,2009-03,38,0,0.0,0.0209,1.00e+00,0,-0.99
South Africa,2009-04,57,0,0.0,0.018,1.00e+00,0,0.1
South Africa,2009-05,58,0,0.0,0.0175,1.00e+00,0,0.32
South Africa,2009-06,67,0,0.0,0.0175,1.00e+00,0,0.19
South Africa,2009-07,32,1,0.031,0.0143,3.70e-01,0,0.28
South Africa,2009-08,54,4,0.074,0.014,6.94e-03,0,0.35
South Africa,2009-09,54,5,0.093,0.0135,8.22e-04,1,0.32
South Africa,2009-10,83,7,0.084,0.0161,3.97e-04,1,0.68
South Africa,2009-11,56,4,0.071,0.0235,4.28e-02,0,0.75
South Africa,2009-12,66,3,0.045,0.0257,2.41e-01,0,0.71
South Africa,2010-01,25,0,0.0,0.0305,1.00e+00,0,0.54
South Africa,2010-02,24,0,0.0,0.0303,1.00e+00,0,0.57
South Africa,2010-05,29,0,0.0,0.0286,1.00e+00,0,0.67
South Africa,2010-06,54,6,0.111,0.0286,4.34e-03,0,0.7
South Africa,2010-07,59,9,0.153,0.0282,3.92e-05,1,0.75
South Africa,2010-08,47,10,0.213,0.0267,3.89e-07,1,0.79
South Africa,2010-09,32,10,0.312,0.038,1.86e-07,1,1.1
South Africa,2010-10,34,15,0.441,0.0433,2.98e-12,1,1.7
South Africa,2010-11,32,19,0.594,0.0444,3.89e-18,1,2.99
South Africa,2010-12,50,21,0.42,0.0553,5.61e-14,1,2.46
South Africa,2011-01,52,18,0.346,0.0694,5.90e-09,1,2.07
South Africa,2011-02,63,18,0.286,0.0777,8.93e-07,1,1.52
South Africa,2011-03,61,23,0.377,0.0881,7.26e-10,1,1.63
South Africa,2011-04,71,20,0.282,0.0946,6.19e-06,1,0.86
South Africa,2011-05,64,23,0.359,0.0998,2.33e-08,1,0.82
South Africa,2011-06,50,17,0.34,0.1167,2.96e-05,1,0.44
South Africa,2011-07,29,15,0.517,0.1153,1.32e-07,1,1.26
South Africa,2011-08,20,7,0.35,0.1252,8.44e-03,0,0.61
South Africa,2011-09,42,6,0.143,0.1334,4.96e-01,0,0.4
South Africa,2011-10,53,10,0.189,0.1326,1.58e-01,0,0.38
South Africa,2011-11,70,15,0.214,0.1319,3.76e-02,0,0.6
South Africa,2011-12,48,11,0.229,0.134,4.96e-02,0,0.62
South Africa,2012-01,55,16,0.291,0.1367,2.21e-03,0,0.82
South Africa,2012-02,34,11,0.324,0.1396,5.03e-03,0,0.64
South Africa,2012-03,22,9,0.409,0.14,1.82e-03,0,0.83
South Africa,2013-04,57,1,0.018,0.1476,1.00e+00,0,0.0
South Africa,2013-05,57,1,0.018,0.1476,1.00e+00,0,0.0
South Africa,2013-06,57,1,0.018,0.1476,1.00e+00,0,0.0
South Africa,2014-01,27,0,0.0,0.1388,1.00e+00,0,0.0
South Africa,2014-02,86,0,0.0,0.1388,1.00e+00,0,0.0
South Africa,2014-03,85,0,0.0,0.1386,1.00e+00,0,0.0
South Africa,2014-04,59,0,0.0,0.1344,1.00e+00,0,0.0
South Africa,2014-06,15,0,0.0,0.1258,1.00e+00,0,0.0
South Africa,2014-07,24,0,0.0,0.1258,1.00e+00,0,0.0
South Africa,2014-08,188,0,0.0,0.1258,1.00e+00,0,0.0
South Africa,2014-09,173,0,0.0,0.1238,1.00e+00,0,0.0
South Africa,2014-10,181,0,0.0,0.1226,1.00e+00,0,0.0
South Africa,2014-11,53,0,0.0,0.1045,1.00e+00,0,0.0
South Africa,2014-12,70,0,0.0,0.1045,1.00e+00,0,0.0
South Africa,2015-01,73,0,0.0,0.1029,1.00e+00,0,0.0
South Africa,2015-02,70,0,0.0,0.0997,1.00e+00,0,0.0
South Africa,2015-03,70,0,0.0,0.0983,1.00e+00,0,0.0
South Africa,2015-04,63,0,0.0,0.0967,1.00e+00,0,0.0
South Africa,2015-05,71,0,0.0,0.0941,1.00e+00,0,0.0
South Africa,2015-06,66,0,0.0,0.0928,1.00e+00,0,0.0
South Africa,2015-07,95,0,0.0,0.0918,1.00e+00,0,0.0
South Africa,2015-08,104,0,0.0,0.089,1.00e+00,0,0.0
Guyana,2010-05,13,1,0.077,0.0448,4.49e-01,0,-6.43
Guyana,2010-06,12,1,0.083,0.0435,4.13e-01,0,-6.97
Guyana,2010-07,10,0,0.0,0.0556,1.00e+00,0,-9.24
Guyana,2010-09,10,0,0.0,0.0494,1.00e+00,0,-32.17
Guyana,2010-10,12,0,0.0,0.0488,1.00e+00,0,-26.81
Guyana,2010-11,14,0,0.0,0.0482,1.00e+00,0,-23.46
Guyana,2011-10,13,0,0.0,0.0364,1.00e+00,0,-26.25
Guyana,2011-11,12,0,0.0,0.0354,1.00e+00,0,-28.44
Guyana,2012-10,10,0,0.0,0.029,1.00e+00,0,-13.62
Guyana,2013-03,10,1,0.1,0.0265,2.35e-01,0,-17.13
Guyana,2013-04,15,4,0.267,0.0263,5.19e-04,1,-11.29
Guyana,2013-05,16,4,0.25,0.0263,6.77e-04,1,-10.58
Guyana,2013-11,11,5,0.455,0.046,7.51e-05,1,-6.38
Guyana,2013-12,19,5,0.263,0.046,1.39e-03,0,-10.9
Guyana,2014-01,12,0,0.0,0.0718,1.00e+00,0,-18.38
Guyana,2014-04,21,8,0.381,0.0674,3.88e-05,1,-21.68
Guyana,2014-05,21,8,0.381,0.0674,3.88e-05,1,-21.68
Guyana,2014-06,23,9,0.391,0.067,9.36e-06,1,-21.23
Guyana,2014-08,12,2,0.167,0.0981,3.32e-01,0,-21.81
Guyana,2014-09,11,1,0.091,0.1014,6.91e-01,0,-20.79
Namibia,2009-07,12,0,0.0,0.0263,1.00e+00,0,0.0
Namibia,2009-08,14,0,0.0,0.0244,1.00e+00,0,0.0
Namibia,2009-09,12,0,0.0,0.0213,1.00e+00,0,0.0
Namibia,2009-10,10,0,0.0,0.02,1.00e+00,0,0.0
Namibia,2014-10,11,1,0.091,0.0127,1.31e-01,0,-3.68
Namibia,2014-11,18,1,0.056,0.0127,2.05e-01,0,-2.25
Mozambique,2008-01,11,0,0.0,0.0133,1.00e+00,0,0.0
Mozambique,2008-04,19,0,0.0,0.0116,1.00e+00,0,-0.96
Mozambique,2008-05,19,1,0.053,0.0112,1.93e-01,0,-0.21
Mozambique,2008-06,25,1,0.04,0.0109,2.39e-01,0,-0.16
Mozambique,2008-07,15,1,0.067,0.0095,1.34e-01,0,0.72
Mozambique,2008-08,16,0,0.0,0.0185,1.00e+00,0,-0.21
Mozambique,2008-09,15,0,0.0,0.0171,1.00e+00,0,-0.22
Mozambique,2008-10,16,0,0.0,0.0167,1.00e+00,0,0.0
Mozambique,2008-11,21,0,0.0,0.0161,1.00e+00,0,0.0
Mozambique,2008-12,15,0,0.0,0.0152,1.00e+00,0,0.0
Mozambique,2009-01,12,0,0.0,0.0147,1.00e+00,0,0.0
Mozambique,2009-02,15,0,0.0,0.0138,1.00e+00,0,-0.22
Mozambique,2009-03,15,0,0.0,0.0136,1.00e+00,0,-0.22
Mozambique,2009-04,16,0,0.0,0.0135,1.00e+00,0,-0.21
Mozambique,2009-06,17,0,0.0,0.0123,1.00e+00,0,0.0
Mozambique,2009-07,15,0,0.0,0.0122,1.00e+00,0,0.0
Mozambique,2009-08,17,0,0.0,0.0118,1.00e+00,0,0.0
Mozambique,2009-09,16,1,0.062,0.0112,1.65e-01,0,0.89
Mozambique,2009-10,23,1,0.043,0.0112,2.28e-01,0,-0.29
Mozambique,2009-11,21,1,0.048,0.0108,2.03e-01,0,-0.74
Mozambique,2009-12,16,0,0.0,0.0154,1.00e+00,0,-1.85
Mozambique,2010-01,13,2,0.154,0.0149,1.54e-02,0,-2.08
Mozambique,2010-02,11,2,0.182,0.0145,1.06e-02,0,-1.66
Mozambique,2010-03,10,2,0.2,0.0142,8.43e-03,0,-2.29
Mozambique,2010-04,15,0,0.0,0.0233,1.00e+00,0,-2.02
Mozambique,2010-05,12,0,0.0,0.0229,1.00e+00,0,-2.53
Mozambique,2010-06,17,0,0.0,0.0226,1.00e+00,0,-4.25
Mozambique,2010-08,12,0,0.0,0.0217,1.00e+00,0,-7.7
Mozambique,2011-05,11,1,0.091,0.0512,4.39e-01,0,-4.78
Mozambique,2011-09,18,10,0.556,0.0564,9.35e-09,1,1.76
Mozambique,2011-10,19,9,0.474,0.0597,5.13e-07,1,1.21
Mozambique,2011-11,25,9,0.36,0.0588,7.24e-06,1,1.11
Mozambique,2011-12,21,2,0.095,0.088,5.63e-01,0,0.45
Mozambique,2012-01,22,2,0.091,0.0871,5.83e-01,0,0.25
Mozambique,2012-02,15,2,0.133,0.0842,3.64e-01,0,0.27
Mozambique,2012-03,15,4,0.267,0.0885,3.79e-02,0,-1.8
Mozambique,2012-04,11,4,0.364,0.0874,1.16e-02,0,-2.08
Mozambique,2012-05,22,13,0.591,0.0865,3.58e-09,1,2.18
Mozambique,2012-06,20,9,0.45,0.0969,4.65e-05,1,1.45
Mozambique,2012-07,22,9,0.409,0.0969,1.15e-04,1,0.46
Mozambique,2012-08,13,1,0.077,0.1198,8.10e-01,0,-35.36
Mozambique,2012-09,10,1,0.1,0.1176,7.14e-01,0,-15.22
Mozambique,2012-10,18,1,0.056,0.117,8.93e-01,0,-11.68
Mozambique,2012-11,15,0,0.0,0.1182,1.00e+00,0,-8.17
Mozambique,2012-12,15,0,0.0,0.1171,1.00e+00,0,-12.13
Mozambique,2013-01,14,0,0.0,0.1139,1.00e+00,0,-2.09
Mozambique,2013-02,12,0,0.0,0.1133,1.00e+00,0,-0.83
Mozambique,2013-03,19,1,0.053,0.1123,8.96e-01,0,-1.45
Mozambique,2013-04,15,4,0.267,0.1096,7.35e-02,0,-2.56
Mozambique,2013-05,15,4,0.267,0.1096,7.35e-02,0,-2.56
Mozambique,2013-06,11,9,0.818,0.1094,1.00e-07,1,1.1
Mozambique,2013-07,20,10,0.5,0.1157,2.62e-05,1,1.58
Mozambique,2013-08,29,10,0.345,0.1157,1.06e-03,0,-0.16
Mozambique,2013-09,27,4,0.148,0.1291,4.68e-01,0,-1.29
Mozambique,2013-10,25,1,0.04,0.1345,9.73e-01,0,-3.36
Mozambique,2013-11,29,4,0.138,0.1316,5.42e-01,0,-1.06
Mozambique,2013-12,26,4,0.154,0.1303,4.45e-01,0,-1.25
Mozambique,2014-01,23,7,0.304,0.129,2.22e-02,0,4.96
Mozambique,2014-02,22,11,0.5,0.132,3.65e-05,1,5.18
Mozambique,2014-03,31,12,0.387,0.1317,3.34e-04,1,3.13
Mozambique,2014-04,30,8,0.267,0.1379,4.59e-02,0,-0.15
Mozambique,2014-05,32,2,0.062,0.1493,9.62e-01,0,-1.63
Mozambique,2014-06,39,7,0.179,0.1482,3.55e-01,0,-1.54
Mozambique,2014-07,41,10,0.244,0.1458,6.63e-02,0,-2.24
Mozambique,2014-08,36,9,0.25,0.1437,6.43e-02,0,-3.32
Mozambique,2014-09,25,4,0.16,0.1506,5.32e-01,0,-3.3
Mozambique,2014-10,50,16,0.32,0.1534,2.47e-03,0,-1.07
Mozambique,2014-11,47,21,0.447,0.1508,1.26e-06,1,2.18
Mozambique,2014-12,44,20,0.455,0.151,1.64e-06,1,1.69
Mozambique,2015-01,12,5,0.417,0.1678,3.73e-02,0,6.25
Mozambique,2015-03,21,8,0.381,0.1738,1.98e-02,0,1.26
Mozambique,2015-04,24,9,0.375,0.1729,1.49e-02,0,-0.57
Mozambique,2015-05,26,9,0.346,0.172,2.49e-02,0,-0.96
Mozambique,2015-06,24,7,0.292,0.1809,1.28e-01,0,-2.11
Mozambique,2015-07,18,6,0.333,0.1808,9.05e-02,0,-0.31
Mozambique,2015-08,14,6,0.429,0.1793,2.68e-02,0,-0.95
Kenya,2010-02,12,5,0.417,0.0667,7.01e-04,1,0.84
Kenya,2010-03,12,5,0.417,0.0667,7.01e-04,1,0.84
Kenya,2012-03,11,0,0.0,0.1279,1.00e+00,0,0.0
Uganda,2008-07,11,0,0.0,0.0286,1.00e+00,0,0.0
Uganda,2008-08,13,0,0.0,0.0263,1.00e+00,0,0.0
Uganda,2008-09,12,0,0.0,0.0244,1.00e+00,0,0.0
Uganda,2008-12,13,0,0.0,0.0189,1.00e+00,0,0.0
Uganda,2009-01,20,0,0.0,0.0185,1.00e+00,0,0.0
Uganda,2009-02,20,0,0.0,0.0172,1.00e+00,0,0.0
Uganda,2009-03,20,0,0.0,0.0152,1.00e+00,0,0.0
Uganda,2009-04,17,0,0.0,0.0135,1.00e+00,0,0.0
Uganda,2009-05,16,0,0.0,0.0128,1.00e+00,0,0.0
Uganda,2009-06,24,0,0.0,0.0116,1.00e+00,0,0.0
Uganda,2009-07,21,0,0.0,0.011,1.00e+00,0,0.0
Uganda,2009-08,27,0,0.0,0.0106,1.00e+00,0,0.0
Uganda,2009-09,18,0,0.0,0.0091,1.00e+00,0,0.0
Uganda,2009-10,30,0,0.0,0.0089,1.00e+00,0,0.0
Uganda,2009-11,37,0,0.0,0.0083,1.00e+00,0,-2.53
Uganda,2009-12,44,4,0.091,0.0078,3.94e-04,1,-8.29
Uganda,2010-01,43,6,0.14,0.007,5.95e-07,1,-12.93
Uganda,2010-02,35,6,0.171,0.0063,8.91e-08,1,-14.15
Uganda,2010-03,45,2,0.044,0.0291,3.78e-01,0,-7.84
Uganda,2010-04,45,0,0.0,0.0378,1.00e+00,0,-12.11
Uganda,2010-05,52,2,0.038,0.0363,5.67e-01,0,-12.27
Uganda,2010-06,36,3,0.083,0.0323,1.09e-01,0,-15.21
Uganda,2010-07,27,3,0.111,0.0304,4.79e-02,0,-7.04
Uganda,2010-08,23,1,0.043,0.0367,5.77e-01,0,-7.95
Uganda,2010-09,22,0,0.0,0.0395,1.00e+00,0,-11.34
Uganda,2010-10,26,7,0.269,0.0389,4.62e-05,1,-8.02
Uganda,2010-11,20,7,0.35,0.0373,5.08e-06,1,-4.99
Uganda,2010-12,21,7,0.333,0.0364,6.23e-06,1,-4.27
Uganda,2011-01,17,0,0.0,0.0601,1.00e+00,0,-8.01
Uganda,2011-02,13,1,0.077,0.059,5.47e-01,0,-9.39
Uganda,2011-03,12,6,0.5,0.0574,2.45e-05,1,0.51
Uganda,2011-04,12,8,0.667,0.0567,4.28e-08,1,2.98
Uganda,2011-05,19,13,0.684,0.0598,2.41e-12,1,5.32
Uganda,2011-06,16,8,0.5,0.0747,7.20e-06,1,2.4
Uganda,2011-07,15,7,0.467,0.0801,7.65e-05,1,0.9
Uganda,2011-08,20,7,0.35,0.0969,1.98e-03,0,-5.43
Uganda,2011-09,20,8,0.4,0.0957,3.07e-04,1,-4.22
Uganda,2011-10,18,7,0.389,0.0979,1.03e-03,0,-3.22
Uganda,2012-01,14,1,0.071,0.113,8.14e-01,0,-10.89
Uganda,2012-02,22,0,0.0,0.1153,1.00e+00,0,-17.94
Uganda,2012-03,27,0,0.0,0.114,1.00e+00,0,-20.41
Uganda,2012-04,20,0,0.0,0.1114,1.00e+00,0,-26.31
Uganda,2012-05,26,0,0.0,0.1084,1.00e+00,0,-17.36
Uganda,2012-06,25,0,0.0,0.1058,1.00e+00,0,-15.41
Uganda,2012-07,42,3,0.071,0.1055,8.34e-01,0,-47.28
Uganda,2012-08,34,3,0.088,0.1013,6.83e-01,0,-22.62
Uganda,2012-09,33,3,0.091,0.0993,6.49e-01,0,-5.1
Uganda,2012-10,41,3,0.073,0.1021,8.04e-01,0,-1.75
Uganda,2012-11,42,3,0.071,0.1002,8.06e-01,0,-1.88
Uganda,2012-12,38,3,0.079,0.0986,7.37e-01,0,-1.57
Uganda,2013-01,14,0,0.0,0.0996,1.00e+00,0,-2.74
Uganda,2013-02,29,5,0.172,0.0977,1.48e-01,0,0.05
Uganda,2013-03,47,7,0.149,0.097,1.67e-01,0,-1.71
Uganda,2013-04,59,8,0.136,0.0966,2.07e-01,0,-1.36
Uganda,2013-05,46,8,0.174,0.102,9.18e-02,0,-2.3
Uganda,2013-06,34,6,0.176,0.1017,1.26e-01,0,-0.61
Uganda,2013-07,32,6,0.188,0.1009,9.77e-02,0,-1.21
Uganda,2013-08,36,8,0.222,0.1081,3.54e-02,0,-0.03
Uganda,2013-09,42,12,0.286,0.1063,1.08e-03,0,0.65
Uganda,2013-10,39,14,0.359,0.1058,2.52e-05,1,1.23
Uganda,2013-11,48,10,0.208,0.1151,4.42e-02,0,0.4
Uganda,2013-12,43,13,0.302,0.1189,1.08e-03,0,0.24
Uganda,2014-01,40,10,0.25,0.1221,1.96e-02,0,-0.18
Uganda,2014-02,22,9,0.409,0.1222,6.74e-04,1,0.16
Uganda,2014-03,17,4,0.235,0.1313,1.75e-01,0,0.65
Uganda,2014-04,20,6,0.3,0.13,3.70e-02,0,1.03
Uganda,2014-05,17,4,0.235,0.1319,1.78e-01,0,0.68
Uganda,2014-06,24,2,0.083,0.1339,8.51e-01,0,-0.15
Uganda,2014-07,21,1,0.048,0.1351,9.53e-01,0,-0.38
Uganda,2014-08,23,1,0.043,0.1345,9.64e-01,0,-1.37
Uganda,2014-09,15,1,0.067,0.1322,8.81e-01,0,-2.55
Uganda,2014-10,15,2,0.133,0.1325,6.10e-01,0,-2.52
Uganda,2014-11,16,3,0.188,0.1315,3.53e-01,0,-0.28
Uganda,2014-12,17,5,0.294,0.1307,6.11e-02,0,-0.25
Uganda,2015-01,25,3,0.12,0.1325,6.62e-01,0,-4.55
Uganda,2015-02,27,3,0.111,0.1328,7.15e-01,0,-4.39
Uganda,2015-03,25,1,0.04,0.1346,9.73e-01,0,-4.32
Uganda,2015-04,23,1,0.043,0.132,9.62e-01,0,-0.58
Uganda,2015-05,29,2,0.069,0.132,9.11e-01,0,-1.55
Uganda,2015-06,32,2,0.062,0.1314,9.36e-01,0,-1.9
Uganda,2015-07,28,2,0.071,0.1293,8.93e-01,0,-2.14
Uganda,2015-08,17,0,0.0,0.1296,1.00e+00,0,-1.58
Ghana,2014-09,11,2,0.182,0.2121,7.12e-01,0,0.06
Ghana,2014-11,14,0,0.0,0.2195,1.00e+00,0,0.0
Ghana,2014-12,13,0,0.0,0.2045,1.00e+00,0,0.0
Ghana,2015-01,11,0,0.0,0.1957,1.00e+00,0,0.0
Cameroon,2013-12,26,2,0.077,0.1429,9.03e-01,0,-0.08
Cameroon,2014-01,13,1,0.077,0.1176,8.04e-01,0,1.14
South Sudan,2013-04,16,2,0.125,0.0312,8.77e-02,0,-2.61
South Sudan,2013-05,20,2,0.1,0.0303,1.22e-01,0,-3.51
South Sudan,2013-06,19,2,0.105,0.0278,9.66e-02,0,-3.37
South Sudan,2013-07,10,0,0.0,0.0625,1.00e+00,0,-2.83
South Sudan,2013-08,12,0,0.0,0.0566,1.00e+00,0,0.0
South Sudan,2013-09,16,0,0.0,0.0545,1.00e+00,0,0.0
South Sudan,2013-10,18,0,0.0,0.0517,1.00e+00,0,0.0
South Sudan,2013-11,14,0,0.0,0.0462,1.00e+00,0,0.0
South Sudan,2014-02,13,4,0.308,0.038,1.13e-03,0,4.15
South Sudan,2014-03,18,4,0.222,0.038,4.15e-03,0,1.12
South Sudan,2014-04,15,4,0.267,0.0366,1.77e-03,0,1.35
South Sudan,2014-10,15,4,0.267,0.0722,1.94e-02,0,4.68
South Sudan,2014-11,15,4,0.267,0.0722,1.94e-02,0,4.68
South Sudan,2014-12,12,4,0.333,0.0667,6.33e-03,0,3.32
South Sudan,2015-06,26,0,0.0,0.0909,1.00e+00,0,-1.32
South Sudan,2015-07,45,11,0.244,0.0909,1.92e-03,0,0.06
Burundi,2013-10,10,7,0.7,0.3824,4.28e-02,0,1.94
Burundi,2013-11,13,8,0.615,0.4634,2.06e-01,0,0.02
Burundi,2013-12,12,8,0.667,0.4651,1.34e-01,0,0.2
Burundi,2014-01,11,8,0.727,0.4545,6.48e-02,0,1.84
Burundi,2014-06,10,4,0.4,0.5,8.28e-01,0,9.17
Burundi,2014-07,12,4,0.333,0.5,9.27e-01,0,2.81
Burundi,2014-08,11,4,0.364,0.4915,8.75e-01,0,4.38
Burundi,2015-03,12,5,0.417,0.4359,6.60e-01,0,-2.26
Burundi,2015-04,17,5,0.294,0.4304,9.19e-01,0,-6.17
Burundi,2015-05,10,0,0.0,0.4535,1.00e+00,0,-50.61
Dominican Republic,2013-10,12,0,0.0,0.1282,1.00e+00,0,-8.37
Dominican Republic,2013-11,11,0,0.0,0.125,1.00e+00,0,-9.14
Dominican Republic,2013-12,11,0,0.0,0.125,1.00e+00,0,-9.14
"Congo, DRC",2013-02,13,0,0.0,0.1852,1.00e+00,0,0.0
"Congo, DRC",2013-03,13,0,0.0,0.1818,1.00e+00,0,0.0
"Congo, DRC",2013-04,17,1,0.059,0.1818,9.67e-01,0,0.75
"Congo, DRC",2013-08,15,10,0.667,0.1654,2.04e-05,1,58.23
"Congo, DRC",2013-09,27,10,0.37,0.1641,7.96e-03,0,32.35
"Congo, DRC",2013-10,22,9,0.409,0.1654,5.82e-03,0,39.46
"Congo, DRC",2013-11,24,0,0.0,0.2183,1.00e+00,0,-0.06
"Congo, DRC",2013-12,11,0,0.0,0.2,1.00e+00,0,-0.12
"Congo, DRC",2014-01,16,3,0.188,0.2,6.48e-01,0,10.37
"Congo, DRC",2014-02,20,18,0.9,0.1867,9.82e-12,1,91.6
"Congo, DRC",2014-03,22,18,0.818,0.1867,2.56e-10,1,83.27
"Congo, DRC",2014-04,29,15,0.517,0.1988,1.32e-04,1,631.42
"Congo, DRC",2014-05,26,1,0.038,0.2634,1.00e+00,0,-10.42
"Congo, DRC",2014-06,24,1,0.042,0.2606,9.99e-01,0,-22.57
"Congo, DRC",2014-07,12,1,0.083,0.245,9.66e-01,0,-4.1
"Congo, DRC",2014-09,36,13,0.361,0.2358,6.24e-02,0,105.73
"Congo, DRC",2014-10,42,16,0.381,0.2358,2.51e-02,0,105.81
"Congo, DRC",2014-11,50,15,0.3,0.2308,1.60e-01,0,38.73
"Congo, DRC",2014-12,26,3,0.115,0.254,9.77e-01,0,8.66
"Congo, DRC",2015-01,20,0,0.0,0.2598,1.00e+00,0,0.0
"Congo, DRC",2015-02,13,8,0.615,0.2435,4.75e-03,0,30.62
"Congo, DRC",2015-03,10,8,0.8,0.2409,3.15e-04,1,56.39
"Congo, DRC",2015-04,17,8,0.471,0.2409,3.27e-02,0,33.17
"Congo, DRC",2015-05,10,0,0.0,0.2606,1.00e+00,0,-11.52
"Congo, DRC",2015-06,10,0,0.0,0.2606,1.00e+00,0,-11.52
"Congo, DRC",2015-07,40,7,0.175,0.2543,9.14e-01,0,19.2
"Congo, DRC",2015-08,41,10,0.244,0.2517,6.05e-01,0,21.14
