date,stress_score,stress_level,type
2020-01-05,0.6828314997104805,HIGH,historical
2020-01-12,0.6785589764862041,HIGH,historical
2020-01-19,0.6413467075945763,MEDIUM,historical
2020-01-26,0.5979262633348211,MEDIUM,historical
2020-02-02,0.5379072918950175,MEDIUM,historical
2020-02-09,0.4643246980477217,MEDIUM,historical
2020-02-16,0.4182281515835654,MEDIUM,historical
2020-02-23,0.3980593978377347,LOW,historical
2020-03-01,0.3995864034408273,LOW,historical
2020-03-08,0.4275266008401109,MEDIUM,historical
2020-03-15,0.4691493413783831,MEDIUM,historical
2020-03-22,0.511259749390087,MEDIUM,historical
2020-03-29,0.5260778639678169,MEDIUM,historical
2020-04-05,0.5056302647474059,MEDIUM,historical
2020-04-12,0.4634941422555474,MEDIUM,historical
2020-04-19,0.4183862553507855,MEDIUM,historical
2020-04-26,0.3855538212775222,LOW,historical
2020-05-03,0.3732077998948312,LOW,historical
2020-05-10,0.371781382288315,LOW,historical
2020-05-17,0.3761315243337695,LOW,historical
2020-05-24,0.3865931586084503,LOW,historical
2020-05-31,0.408914647237965,MEDIUM,historical
2020-06-07,0.4020986976503355,MEDIUM,historical
2020-06-14,0.404831005702037,MEDIUM,historical
2020-06-21,0.4121010772495951,MEDIUM,historical
2020-06-28,0.421067859220272,MEDIUM,historical
2020-07-05,0.4325985036929345,MEDIUM,historical
2020-07-12,0.4368145659982312,MEDIUM,historical
2020-07-19,0.4330989621646056,MEDIUM,historical
2020-07-26,0.4216906362946697,MEDIUM,historical
2020-08-02,0.4364808368630777,MEDIUM,historical
2020-08-09,0.4461423702435437,MEDIUM,historical
2020-08-16,0.4579088970703742,MEDIUM,historical
2020-08-23,0.4710381320782568,MEDIUM,historical
2020-08-30,0.4812555947486246,MEDIUM,historical
2020-09-06,0.4976596629434192,MEDIUM,historical
2020-09-13,0.5059181833882367,MEDIUM,historical
2020-09-20,0.504173946279826,MEDIUM,historical
2020-09-27,0.503298288623153,MEDIUM,historical
2020-10-04,0.4904966037837617,MEDIUM,historical
2020-10-11,0.4780594584462818,MEDIUM,historical
2020-10-18,0.4754580325768427,MEDIUM,historical
2020-10-25,0.471116137603188,MEDIUM,historical
2020-11-01,0.4678250152830479,MEDIUM,historical
2020-11-08,0.467042671991033,MEDIUM,historical
2020-11-15,0.4644692928678916,MEDIUM,historical
2020-11-22,0.4846364753413404,MEDIUM,historical
2020-11-29,0.508176985295322,MEDIUM,historical
2020-12-06,0.5204906982856501,MEDIUM,historical
2020-12-13,0.5325548546331852,MEDIUM,historical
2020-12-20,0.5286928135868012,MEDIUM,historical
2020-12-27,0.5258939976671528,MEDIUM,historical
2021-01-03,0.5255048971637871,MEDIUM,historical
2021-01-10,0.5194319826473376,MEDIUM,historical
2021-01-17,0.5061604370470353,MEDIUM,historical
2021-01-24,0.4910121177982939,MEDIUM,historical
2021-01-31,0.4849796692015073,MEDIUM,historical
2021-02-07,0.504983834001963,MEDIUM,historical
2021-02-14,0.5344221744865594,MEDIUM,historical
2021-02-21,0.5673946667043346,MEDIUM,historical
2021-02-28,0.6071464823177465,MEDIUM,historical
2021-03-07,0.6353044358843977,MEDIUM,historical
2021-03-14,0.6634218016334424,HIGH,historical
2021-03-21,0.6931278970426629,HIGH,historical
2021-03-28,0.7157539365437023,HIGH,historical
2021-04-04,0.7170026933552508,HIGH,historical
2021-04-11,0.7075519962104013,HIGH,historical
2021-04-18,0.6916610339476171,HIGH,historical
2021-04-25,0.6751803230735238,HIGH,historical
2021-05-02,0.677799123947982,HIGH,historical
2021-05-09,0.6843949586688167,HIGH,historical
2021-05-16,0.698576301527242,HIGH,historical
2021-05-23,0.7147994574562804,HIGH,historical
2021-05-30,0.7225694982171499,HIGH,historical
2021-06-06,0.7319062462392427,HIGH,historical
2021-06-13,0.7356000748611083,HIGH,historical
2021-06-20,0.7391902670427613,HIGH,historical
2021-06-27,0.7441347813927291,HIGH,historical
2021-07-04,0.7515008950036841,HIGH,historical
2021-07-11,0.7578680140130354,HIGH,historical
2021-07-18,0.7615737267439804,HIGH,historical
2021-07-25,0.7649552194272605,HIGH,historical
2021-08-01,0.7714853990721307,HIGH,historical
2021-08-08,0.7791173053107401,HIGH,historical
2021-08-15,0.7870100626523328,HIGH,historical
2021-08-22,0.796596095312531,HIGH,historical
2021-08-29,0.7954852737102936,HIGH,historical
2021-09-05,0.7900034102195691,HIGH,historical
2021-09-12,0.7890446586796642,HIGH,historical
2021-09-19,0.7858235157253484,HIGH,historical
2021-09-26,0.7850334794912261,HIGH,historical
2021-10-03,0.7798442736698785,HIGH,historical
2021-10-10,0.7699303281149315,HIGH,historical
2021-10-17,0.7593306933746716,HIGH,historical
2021-10-24,0.7481842280994091,HIGH,historical
2021-10-31,0.7484992482606994,HIGH,historical
2021-11-07,0.7424398918219239,HIGH,historical
2021-11-14,0.7377798732421943,HIGH,historical
2021-11-21,0.7334162282233394,HIGH,historical
2021-11-28,0.7243836126025172,HIGH,historical
2021-12-05,0.7254584193758449,HIGH,historical
2021-12-12,0.7253656245332767,HIGH,historical
2021-12-19,0.7245697853642756,HIGH,historical
2021-12-26,0.7251608425435394,HIGH,historical
2022-01-02,0.7145373940147066,HIGH,historical
2022-01-09,0.7044585850994184,HIGH,historical
2022-01-16,0.6960072447122467,HIGH,historical
2022-01-23,0.6896486557142194,HIGH,historical
2022-01-30,0.693219439872252,HIGH,historical
2022-02-06,0.6932402271522926,HIGH,historical
2022-02-13,0.6917441085730858,HIGH,historical
2022-02-20,0.6883532412614888,HIGH,historical
2022-02-27,0.6834875413002874,HIGH,historical
2022-03-06,0.6795195519293376,HIGH,historical
2022-03-13,0.670951651002649,HIGH,historical
2022-03-20,0.6586793029266433,HIGH,historical
2022-03-27,0.6459820394274274,MEDIUM,historical
2022-04-03,0.6411844404693946,MEDIUM,historical
2022-04-10,0.6391573518293456,MEDIUM,historical
2022-04-17,0.638844083066683,MEDIUM,historical
2022-04-24,0.6384613259520079,MEDIUM,historical
2022-05-01,0.6358801775101637,MEDIUM,historical
2022-05-08,0.6321889809723482,MEDIUM,historical
2022-05-15,0.6355964973024588,MEDIUM,historical
2022-05-22,0.6393972046802359,MEDIUM,historical
2022-05-29,0.6399619634041596,MEDIUM,historical
2022-06-05,0.6386667683299918,MEDIUM,historical
2022-06-12,0.6311982721394338,MEDIUM,historical
2022-06-19,0.6239253753408667,MEDIUM,historical
2022-06-26,0.6182144616842716,MEDIUM,historical
2022-07-03,0.6304024102213016,MEDIUM,historical
2022-07-10,0.6416567256273663,MEDIUM,historical
2022-07-17,0.6509503905528202,HIGH,historical
2022-07-24,0.6579049875970665,HIGH,historical
2022-07-31,0.6584439476958439,HIGH,historical
2022-08-07,0.6529546853288077,HIGH,historical
2022-08-14,0.627556513817553,MEDIUM,historical
2022-08-21,0.6072518907271683,MEDIUM,historical
2022-08-28,0.5759187914284906,MEDIUM,historical
2022-09-04,0.5542524305975516,MEDIUM,historical
2022-09-11,0.5647574395784555,MEDIUM,historical
2022-09-18,0.5524945246686972,MEDIUM,historical
2022-09-25,0.5457564766238706,MEDIUM,historical
2022-10-02,0.5398418910699346,MEDIUM,historical
2022-10-09,0.5173942970014704,MEDIUM,historical
2022-10-16,0.5176665074924136,MEDIUM,historical
2022-10-23,0.5136972575921823,MEDIUM,historical
2022-10-30,0.5043295495003377,MEDIUM,historical
2022-11-06,0.5174549204218895,MEDIUM,historical
2022-11-13,0.5195383824658875,MEDIUM,historical
2022-11-20,0.5270604895173087,MEDIUM,historical
2022-11-27,0.537903511837794,MEDIUM,historical
2022-12-04,0.5357137431786638,MEDIUM,historical
2022-12-11,0.5399477431896876,MEDIUM,historical
2022-12-18,0.5490916029006735,MEDIUM,historical
2022-12-25,0.5625356322823275,MEDIUM,historical
2023-01-01,0.547721969516561,MEDIUM,historical
2023-01-08,0.5310208908174042,MEDIUM,historical
2023-01-15,0.5022522244477974,MEDIUM,historical
2023-01-22,0.4645484926326609,MEDIUM,historical
2023-01-29,0.4521756882927172,MEDIUM,historical
2023-02-05,0.4356793174364166,MEDIUM,historical
2023-02-12,0.4216162931558196,MEDIUM,historical
2023-02-19,0.4128125909016927,MEDIUM,historical
2023-02-26,0.4059892287083145,MEDIUM,historical
2023-03-05,0.4175105008535887,MEDIUM,historical
2023-03-12,0.4305672135498334,MEDIUM,historical
2023-03-19,0.4402844495137679,MEDIUM,historical
2023-03-26,0.4475235669657976,MEDIUM,historical
2023-04-02,0.4441232098325721,MEDIUM,historical
2023-04-09,0.4407620381035704,MEDIUM,historical
2023-04-16,0.4383904068242962,MEDIUM,historical
2023-04-23,0.4394722125339473,MEDIUM,historical
2023-04-30,0.4411063376333384,MEDIUM,historical
2023-05-07,0.4426667899175191,MEDIUM,historical
2023-05-14,0.4513885366962906,MEDIUM,historical
2023-05-21,0.4558864381070434,MEDIUM,historical
2023-05-28,0.4627936703975648,MEDIUM,historical
2023-06-04,0.4670214143332681,MEDIUM,historical
2023-06-11,0.4620095722680877,MEDIUM,historical
2023-06-18,0.458290946980837,MEDIUM,historical
2023-06-25,0.4567460821027749,MEDIUM,historical
2023-07-02,0.4404148710145734,MEDIUM,historical
2023-07-09,0.4325141648211897,MEDIUM,historical
2023-07-16,0.4180384777657751,MEDIUM,historical
2023-07-23,0.4017571725376537,MEDIUM,historical
2023-07-30,0.4037508788182263,MEDIUM,historical
2023-08-06,0.4083781453563644,MEDIUM,historical
2023-08-13,0.4142652037814857,MEDIUM,historical
2023-08-20,0.4126475455213148,MEDIUM,historical
2023-08-27,0.4127536393976355,MEDIUM,historical
2023-09-03,0.4011909135476773,MEDIUM,historical
2023-09-10,0.4025382873593137,MEDIUM,historical
2023-09-17,0.4057737686271612,MEDIUM,historical
2023-09-24,0.4097850499137303,MEDIUM,historical
2023-10-01,0.4159596444396926,MEDIUM,historical
2023-10-08,0.414909066676607,MEDIUM,historical
2023-10-15,0.413713260212299,MEDIUM,historical
2023-10-22,0.4013960237544823,MEDIUM,historical
2023-10-29,0.4029910108694548,MEDIUM,historical
2023-11-05,0.4046946294918947,MEDIUM,historical
2023-11-12,0.407028058136294,MEDIUM,historical
2023-11-19,0.4172326153772834,MEDIUM,historical
2023-11-26,0.4097327963568034,MEDIUM,historical
2023-12-03,0.3917194189495478,LOW,historical
2023-12-10,0.381306563225141,LOW,historical
2023-12-17,0.3716414577611027,LOW,historical
2023-12-24,0.3716023794652696,LOW,historical
2023-12-31,0.3941062868735335,LOW,historical
2024-01-07,0.4380401398100751,MEDIUM,historical
2024-01-14,0.473707228394358,MEDIUM,historical
2024-01-21,0.5065050776312863,MEDIUM,historical
2024-01-28,0.5172987913184257,MEDIUM,historical
2024-02-04,0.488922259955214,MEDIUM,historical
2024-02-11,0.4653533458748254,MEDIUM,historical
2024-02-18,0.4430053404938961,MEDIUM,historical
2024-02-25,0.4261207058032735,MEDIUM,historical
2024-03-03,0.423559487256069,MEDIUM,historical
2024-03-10,0.4322908898634892,MEDIUM,historical
2024-03-17,0.4318633991576054,MEDIUM,historical
2024-03-24,0.4325957896211629,MEDIUM,historical
2024-03-31,0.4310110185100624,MEDIUM,historical
2024-04-07,0.4195349226026933,MEDIUM,historical
2024-04-14,0.423132623184529,MEDIUM,historical
2024-04-21,0.4260843674129311,MEDIUM,historical
2024-04-28,0.4411931922895564,MEDIUM,historical
2024-05-05,0.4382113355628791,MEDIUM,historical
2024-05-12,0.4186435899913832,MEDIUM,historical
2024-05-19,0.4071148047243961,MEDIUM,historical
2024-05-26,0.3923034259493344,LOW,historical
2024-06-02,0.4038425959113665,MEDIUM,historical
2024-06-09,0.423922594116296,MEDIUM,historical
2024-06-16,0.4325478940974899,MEDIUM,historical
2024-06-23,0.4317400233642434,MEDIUM,historical
2024-06-30,0.4211900115352622,MEDIUM,historical
2024-07-07,0.4073002339374779,MEDIUM,historical
2024-07-14,0.3999674532482674,LOW,historical
2024-07-21,0.3857678522330854,LOW,historical
2024-07-28,0.3822228844312084,LOW,historical
2024-08-04,0.3851891649295202,LOW,historical
2024-08-11,0.3863212647631994,LOW,historical
2024-08-18,0.3980150935875766,LOW,historical
2024-08-25,0.3929455267377376,LOW,historical
2024-09-01,0.3920227365514505,LOW,historical
2024-09-08,0.392639741290733,LOW,historical
2024-09-15,0.3905695108307629,LOW,historical
2024-09-22,0.3922638462828978,LOW,historical
2024-09-29,0.3962940368501899,LOW,historical
2024-10-06,0.4079844524523311,MEDIUM,historical
2024-10-13,0.4092355070617617,MEDIUM,historical
2024-10-20,0.4243669794677397,MEDIUM,historical
2024-10-27,0.4277906480880214,MEDIUM,historical
2024-11-03,0.4331051414829577,MEDIUM,historical
2024-11-10,0.449706655223647,MEDIUM,historical
2024-11-17,0.4561265469743048,MEDIUM,historical
2024-11-24,0.4587539692028062,MEDIUM,historical
2024-12-01,0.4430547637771928,MEDIUM,historical
2024-12-08,0.4189163557592664,MEDIUM,historical
2024-12-15,0.3931345059979916,LOW,historical
2024-12-22,0.3751882018065637,LOW,historical
2024-12-29,0.3660520006126075,LOW,historical
2025-01-05,0.3886346756489406,LOW,historical
2025-01-12,0.4123416934593803,MEDIUM,historical
2025-01-19,0.4364266919871467,MEDIUM,historical
2025-01-26,0.4654490058873285,MEDIUM,historical
2025-02-02,0.4639862943248846,MEDIUM,historical
2025-02-09,0.4657609790902205,MEDIUM,historical
2025-02-16,0.4662856711919756,MEDIUM,historical
2025-02-23,0.4621416141814543,MEDIUM,historical
2025-03-02,0.4580396103201475,MEDIUM,historical
2025-03-09,0.4371384514238949,MEDIUM,historical
2025-03-16,0.4227533981895213,MEDIUM,historical
2025-03-23,0.3966414572231401,LOW,historical
2025-03-30,0.3895555868192217,LOW,historical
2025-04-06,0.3980069708570544,LOW,historical
2025-04-13,0.3800963106777698,LOW,historical
2025-04-20,0.3757187075451694,LOW,historical
2025-04-27,0.3595004051472431,LOW,historical
2025-05-04,0.3438059248924292,LOW,historical
2025-05-11,0.3474184056787249,LOW,historical
2025-05-18,0.3467735176389768,LOW,historical
2025-05-25,0.3475741540381534,LOW,historical
2025-06-01,0.3483884010421756,LOW,historical
2025-06-08,0.3465925667867506,LOW,historical
2025-06-15,0.3443588397909425,LOW,historical
2025-06-22,0.3447390713043411,LOW,historical
2025-06-29,0.3518903843823266,LOW,historical
2025-07-06,0.3531475643281926,LOW,historical
2025-07-13,0.3514116134095955,LOW,historical
2025-07-20,0.3509760263251114,LOW,historical
2025-07-27,0.3436636524552465,LOW,historical
2025-08-03,0.3377208672667004,LOW,historical
2025-08-10,0.3472385164108915,LOW,historical
2025-08-17,0.3438435060466317,LOW,historical
2025-08-24,0.3347682877208712,LOW,historical
2025-08-31,0.3414061185837347,LOW,historical
2025-09-07,0.3559002375964795,LOW,historical
2025-09-14,0.3590735459222341,LOW,historical
2025-09-21,0.3617337492429409,LOW,historical
2025-09-28,0.3643601289086457,LOW,historical
2025-10-05,0.3628493619479866,LOW,historical
2025-10-12,0.3751009900868267,LOW,historical
2025-10-19,0.3927405916766784,LOW,historical
2025-10-26,0.3992185964584913,LOW,historical
2025-11-02,0.3770745817378277,LOW,historical
2025-11-09,0.3603257404139743,LOW,historical
2025-11-16,0.3494490104736661,LOW,historical
2025-11-23,0.3500544953356193,LOW,historical
2025-11-30,0.3599141135850419,LOW,historical
2025-12-07,0.3631565583884323,LOW,historical
2025-12-14,0.3630785954240865,LOW,historical
2025-12-21,0.3510236876148118,LOW,historical
2025-12-28,0.3411094780883741,LOW,historical
2026-01-04,0.3335752410049263,LOW,historical
2026-01-11,0.3360794924483402,LOW,historical
2026-01-18,0.3285555909060044,LOW,historical
2026-01-25,0.3227218061894313,LOW,historical
2026-02-01,0.3216436911920389,LOW,historical
2026-02-08,0.3123660521263109,LOW,historical
2026-02-15,0.326722401654807,LOW,historical
2026-02-22,0.3335495503372088,LOW,historical
2026-03-01,0.3511027975711187,LOW,historical
2026-03-08,0.3711527200969019,LOW,historical
2026-03-15,0.3996240512010471,LOW,historical
2026-03-22,0.4069105386734009,MEDIUM,forecast
2026-03-29,0.40820735692977905,MEDIUM,forecast
2026-04-05,0.4072074294090271,MEDIUM,forecast
2026-04-12,0.40288564562797546,MEDIUM,forecast
