date,manufacturer,distributor,retailer,retailer_state,quantity,disruption_injected
2026-04-21,SANDOZ INC,AMERISOURCEBERGEN DRUG CORP,CORNER DRUG STORE #3522 (WI),WI,257,0
2026-04-21,PAR PHARMACEUTICAL INC,SMITH DRUG COMPANY,PEOPLES PHARMACY #7655 (TX),TX,788,0
2026-04-21,HIKMA PHARMACEUTICALS,BURLINGTON DRUG COMPANY INC,VILLAGE PHARMACY #9112 (RI),RI,151,0
2026-04-21,ABBOTT LABORATORIES,BELLCO DRUG CORP,WALGREENS #2338 (MS),MS,1023,0
2026-04-21,LANNETT COMPANY INC,PRESCRIPTION SUPPLY INC,HOMETOWN PHARMACY #7685 (TN),TN,440,0
2026-04-21,MALLINCKRODT LLC,DAKOTA DRUG INC,WINN-DIXIE PHARMACY #6720 (AR),AR,235,0
2026-04-21,WATSON LABORATORIES INC,MCKESSON CORPORATION,WALGREENS #1285 (WI),WI,1198,0
2026-04-21,SANDOZ INC,BURLINGTON DRUG COMPANY INC,CORNER DRUG STORE #7916 (MO),MO,1709,0
2026-04-21,MYLAN PHARMACEUTICALS INC,MCKESSON CORPORATION,COMMUNITY PHARMACY #7344 (LA),LA,58,0
2026-04-21,QUALITEST PHARMACEUTICALS,KINRAY LLC,PEOPLES PHARMACY #1405 (NE),NE,336,0
2026-04-21,LANNETT COMPANY INC,BURLINGTON DRUG COMPANY INC,QUALITY CARE PHARMACY #7561 (KY),KY,3969,0
2026-04-21,WATSON LABORATORIES INC,ANDA INC,CORNER DRUG STORE #2273 (LA),LA,602,0
2026-04-21,QUALITEST PHARMACEUTICALS,BURLINGTON DRUG COMPANY INC,KROGER PHARMACY #7125 (AK),AK,45,0
2026-04-21,PURDUE PHARMA LP,MORRIS & DICKSON CO LLC,RITE AID #2172 (AR),AR,993,0
2026-04-21,QUALITEST PHARMACEUTICALS,KINRAY LLC,SUNRISE PHARMACY #6637 (LA),LA,168,0
2026-04-21,JANSSEN PHARMACEUTICALS INC,DAKOTA DRUG INC,PEOPLES PHARMACY #3960 (WY),WY,0,1
2026-04-21,PURDUE PHARMA LP,HENRY SCHEIN INC,HOMETOWN PHARMACY #9385 (MI),MI,163,0
2026-04-21,WATSON LABORATORIES INC,KINRAY LLC,MEDICO PHARMACY #9833 (TN),TN,241,0
2026-04-21,LANNETT COMPANY INC,HENRY SCHEIN INC,MEDICO PHARMACY #9307 (VA),VA,309,0
2026-04-21,PAR PHARMACEUTICAL INC,MORRIS & DICKSON CO LLC,VILLAGE PHARMACY #8147 (ME),ME,214,0
2026-04-21,JANSSEN PHARMACEUTICALS INC,MCKESSON CORPORATION,WALGREENS #6125 (VA),VA,38,0
2026-04-21,PAR PHARMACEUTICAL INC,DAKOTA DRUG INC,HEALTH MART PHARMACY #7699 (NY),NY,253,0
2026-04-21,MYLAN PHARMACEUTICALS INC,GULF COAST MEDICAL SUPPLY,VILLAGE PHARMACY #3997 (AL),AL,590,0
2026-04-21,MALLINCKRODT LLC,BURLINGTON DRUG COMPANY INC,WALGREENS #6633 (WY),WY,2397,0
2026-04-21,PURDUE PHARMA LP,KEYSOURCE MEDICAL INC,CVS PHARMACY #5635 (IN),IN,20,0
2026-04-21,PAR PHARMACEUTICAL INC,PRESCRIPTION SUPPLY INC,MEDICO PHARMACY #9569 (MS),MS,113,0
2026-04-21,ACTAVIS PHARMA INC,DIRECT RX,PUBLIX PHARMACY #9833 (MI),MI,87,0
2026-04-21,CADISTA PHARMACEUTICALS INC,AMERISOURCEBERGEN DRUG CORP,HEALTH MART PHARMACY #5593 (KY),KY,171,0
2026-04-21,MYLAN PHARMACEUTICALS INC,DAKOTA DRUG INC,PUBLIX PHARMACY #6736 (TN),TN,324,0
2026-04-21,VINTAGE PHARMACEUTICALS LLC,DAKOTA DRUG INC,WINN-DIXIE PHARMACY #5889 (PA),PA,16,0
2026-04-21,PAR PHARMACEUTICAL INC,MORRIS & DICKSON CO LLC,MEDICO PHARMACY #5567 (DE),DE,259,0
2026-04-21,JANSSEN PHARMACEUTICALS INC,KEYSOURCE MEDICAL INC,HEALTH MART PHARMACY #2275 (DE),DE,438,0
2026-04-21,PURDUE PHARMA LP,MCKESSON CORPORATION,PEOPLES PHARMACY #6398 (AR),AR,2276,0
2026-04-21,AMNEAL PHARMACEUTICALS LLC,VALUEDRUGCO,COMMUNITY PHARMACY #5731 (WV),WV,81,0
2026-04-21,ABBOTT LABORATORIES,PRESCRIPTION SUPPLY INC,MEDICO PHARMACY #6745 (VA),VA,477,0
2026-04-21,QUALITEST PHARMACEUTICALS,AMERISOURCEBERGEN DRUG CORP,KROGER PHARMACY #4000 (NY),NY,316,0
2026-04-21,SUN PHARMA GLOBAL INC,VALUEDRUGCO,HOMETOWN PHARMACY #3383 (VT),VT,1747,0
2026-04-21,ENDO PHARMACEUTICALS INC,CARDINAL HEALTH INC,MEDICO PHARMACY #9170 (VT),VT,221,0
2026-04-21,MYLAN PHARMACEUTICALS INC,ANDA INC,CVS PHARMACY #3927 (SD),SD,316,0
2026-04-21,TEVA PHARMACEUTICALS USA INC,PENN PHARMACEUTICAL SERVICES INC,COMMUNITY PHARMACY #2840 (VT),VT,159,0
2026-04-21,WATSON LABORATORIES INC,SMITH DRUG COMPANY,PUBLIX PHARMACY #2769 (WV),WV,379,0
2026-04-21,LANNETT COMPANY INC,GULF COAST MEDICAL SUPPLY,KROGER PHARMACY #3523 (OH),OH,224,0
2026-04-21,TEVA PHARMACEUTICALS USA INC,SMITH DRUG COMPANY,RITE AID #6549 (IN),IN,280,0
2026-04-21,SANDOZ INC,HENRY SCHEIN INC,GOOD NEIGHBOR PHARMACY #6959 (AZ),AZ,50,0
2026-04-21,CADISTA PHARMACEUTICALS INC,AMERISOURCEBERGEN DRUG CORP,COMMUNITY PHARMACY #2294 (TN),TN,173,0
2026-04-21,VINTAGE PHARMACEUTICALS LLC,BURLINGTON DRUG COMPANY INC,WALGREENS #6424 (DE),DE,0,1
2026-04-21,HIKMA PHARMACEUTICALS,GULF COAST MEDICAL SUPPLY,PEOPLES PHARMACY #1524 (OK),OK,72,0
2026-04-21,VINTAGE PHARMACEUTICALS LLC,DAKOTA DRUG INC,WALGREENS #5346 (IN),IN,284,0
2026-04-21,SANDOZ INC,CARDINAL HEALTH INC,QUALITY CARE PHARMACY #6888 (MO),MO,336,0
2026-04-21,VINTAGE PHARMACEUTICALS LLC,PRESCRIPTION SUPPLY INC,CVS PHARMACY #4109 (IN),IN,25,0
2026-04-21,PAR PHARMACEUTICAL INC,CARDINAL HEALTH INC,QUALITY CARE PHARMACY #4445 (LA),LA,82,0
2026-04-21,WATSON LABORATORIES INC,ANDA INC,MEDICO PHARMACY #7114 (NJ),NJ,357,0
2026-04-21,JANSSEN PHARMACEUTICALS INC,DIRECT RX,CVS PHARMACY #8170 (MT),MT,12,0
2026-04-21,WATSON LABORATORIES INC,DAKOTA DRUG INC,QUALITY CARE PHARMACY #5230 (NM),NM,52,0
2026-04-21,TEVA PHARMACEUTICALS USA INC,ANDA INC,WINN-DIXIE PHARMACY #3668 (MS),MS,26,0
2026-04-21,MYLAN PHARMACEUTICALS INC,DIRECT RX,GOOD NEIGHBOR PHARMACY #6888 (ME),ME,127,0
2026-04-21,SUN PHARMA GLOBAL INC,BELLCO DRUG CORP,VILLAGE PHARMACY #1845 (LA),LA,28,0
2026-04-21,MALLINCKRODT LLC,BURLINGTON DRUG COMPANY INC,QUALITY CARE PHARMACY #8690 (FL),FL,254,0
2026-04-21,PAR PHARMACEUTICAL INC,DAKOTA DRUG INC,VILLAGE PHARMACY #3411 (VT),VT,51,0
2026-04-21,MYLAN PHARMACEUTICALS INC,AMERISOURCEBERGEN DRUG CORP,WALMART PHARMACY #5079 (LA),LA,121,0
2026-04-21,CADISTA PHARMACEUTICALS INC,KEYSOURCE MEDICAL INC,PEOPLES PHARMACY #7655 (TX),TX,176,0
2026-04-21,ACTAVIS PHARMA INC,PENN PHARMACEUTICAL SERVICES INC,CVS PHARMACY #2572 (VT),VT,40,0
2026-04-21,ACTAVIS PHARMA INC,PRESCRIPTION SUPPLY INC,GOOD NEIGHBOR PHARMACY #5849 (IL),IL,113,0
2026-04-21,WATSON LABORATORIES INC,HD SMITH WHOLESALE DRUG CO,CORNER DRUG STORE #4372 (CT),CT,180,0
2026-04-21,LANNETT COMPANY INC,KINRAY LLC,MAIN STREET PHARMACY #9550 (WV),WV,107,0
2026-04-21,ABBOTT LABORATORIES,KINRAY LLC,HEALTH MART PHARMACY #1058 (ME),ME,20,0
2026-04-21,LANNETT COMPANY INC,BURLINGTON DRUG COMPANY INC,PEOPLES PHARMACY #4186 (SD),SD,104,0
2026-04-21,VINTAGE PHARMACEUTICALS LLC,PENN PHARMACEUTICAL SERVICES INC,MEDICO PHARMACY #6745 (VA),VA,441,0
2026-04-21,PURDUE PHARMA LP,GULF COAST MEDICAL SUPPLY,GOOD NEIGHBOR PHARMACY #2150 (CA),CA,114,0
2026-04-21,AMNEAL PHARMACEUTICALS LLC,KEYSOURCE MEDICAL INC,CVS PHARMACY #6755 (TN),TN,766,0
2026-04-21,SANDOZ INC,MIAMI-LUKEN INC,WINN-DIXIE PHARMACY #8116 (AK),AK,462,0
2026-04-21,JANSSEN PHARMACEUTICALS INC,CARDINAL HEALTH INC,MEDICO PHARMACY #3597 (MD),MD,117,0
2026-04-21,IMPAX LABORATORIES INC,BELLCO DRUG CORP,MAIN STREET PHARMACY #7936 (WY),WY,75,0
2026-04-21,PAR PHARMACEUTICAL INC,HD SMITH WHOLESALE DRUG CO,CVS PHARMACY #4109 (IN),IN,793,0
2026-04-21,MYLAN PHARMACEUTICALS INC,MORRIS & DICKSON CO LLC,WALMART PHARMACY #6353 (HI),HI,13,0
2026-04-21,HIKMA PHARMACEUTICALS,DIRECT RX,HARRIS TEETER PHARMACY #6503 (MO),MO,0,1
2026-04-21,RHODES TECHNOLOGIES,VALUEDRUGCO,RITE AID #9075 (AR),AR,629,0
2026-04-21,LANNETT COMPANY INC,MCKESSON CORPORATION,CVS PHARMACY #2372 (MO),MO,747,0
2026-04-21,QUALITEST PHARMACEUTICALS,KEYSOURCE MEDICAL INC,PUBLIX PHARMACY #5706 (MT),MT,79,0
2026-04-21,PAR PHARMACEUTICAL INC,KINRAY LLC,FAMILY CARE PHARMACY #4660 (NY),NY,1340,0
2026-04-21,ENDO PHARMACEUTICALS INC,KINRAY LLC,FAMILY CARE PHARMACY #9427 (IN),IN,78,0
2026-04-21,ABBOTT LABORATORIES,KEYSOURCE MEDICAL INC,SUNRISE PHARMACY #9849 (CO),CO,1715,0
2026-04-21,TEVA PHARMACEUTICALS USA INC,VALUEDRUGCO,PEOPLES PHARMACY #1060 (VT),VT,203,0
2026-04-21,WATSON LABORATORIES INC,CARDINAL HEALTH INC,MEDICO PHARMACY #2698 (GA),GA,244,0
2026-04-21,PURDUE PHARMA LP,MCKESSON CORPORATION,COMMUNITY PHARMACY #9245 (IN),IN,392,0
2026-04-21,HIKMA PHARMACEUTICALS,MCKESSON CORPORATION,CVS PHARMACY #5523 (NY),NY,146,0
2026-04-21,QUALITEST PHARMACEUTICALS,MIAMI-LUKEN INC,PUBLIX PHARMACY #9432 (NV),NV,87,0
2026-04-21,QUALITEST PHARMACEUTICALS,VALUEDRUGCO,VILLAGE PHARMACY #8189 (MD),MD,2345,0
2026-04-21,JANSSEN PHARMACEUTICALS INC,MIAMI-LUKEN INC,QUALITY CARE PHARMACY #5919 (ID),ID,76,0
2026-04-21,HIKMA PHARMACEUTICALS,MIAMI-LUKEN INC,SUNRISE PHARMACY #7972 (SD),SD,1142,0
2026-04-21,TEVA PHARMACEUTICALS USA INC,PENN PHARMACEUTICAL SERVICES INC,CVS PHARMACY #2408 (IN),IN,222,0
2026-04-21,LANNETT COMPANY INC,MORRIS & DICKSON CO LLC,MEDICO PHARMACY #6767 (NC),NC,1485,0
2026-04-21,IMPAX LABORATORIES INC,PENN PHARMACEUTICAL SERVICES INC,CVS PHARMACY #7614 (TX),TX,422,0
2026-04-21,QUALITEST PHARMACEUTICALS,CARDINAL HEALTH INC,HARRIS TEETER PHARMACY #9191 (IN),IN,27,0
2026-04-21,JANSSEN PHARMACEUTICALS INC,CARDINAL HEALTH INC,FAMILY CARE PHARMACY #4016 (NH),NH,695,0
2026-04-21,RHODES TECHNOLOGIES,PRESCRIPTION SUPPLY INC,GOOD NEIGHBOR PHARMACY #8533 (OH),OH,1012,0
2026-04-21,ENDO PHARMACEUTICALS INC,MCKESSON CORPORATION,PEOPLES PHARMACY #1264 (WA),WA,5244,0
2026-04-21,MYLAN PHARMACEUTICALS INC,KEYSOURCE MEDICAL INC,HOMETOWN PHARMACY #7685 (TN),TN,153,0
2026-04-21,WATSON LABORATORIES INC,PENN PHARMACEUTICAL SERVICES INC,WALMART PHARMACY #5079 (LA),LA,450,0
2026-04-21,IMPAX LABORATORIES INC,VALUEDRUGCO,QUALITY CARE PHARMACY #8648 (GA),GA,113,0
2026-04-21,PURDUE PHARMA LP,ANDA INC,HOMETOWN PHARMACY #1799 (WA),WA,892,0
2026-04-21,SANDOZ INC,PENN PHARMACEUTICAL SERVICES INC,MEDICO PHARMACY #4938 (TN),TN,236,0
2026-04-21,MALLINCKRODT LLC,SMITH DRUG COMPANY,COMMUNITY PHARMACY #9484 (NV),NV,1024,0
2026-04-21,ENDO PHARMACEUTICALS INC,ANDA INC,GOOD NEIGHBOR PHARMACY #5885 (GA),GA,131,0
2026-04-21,LANNETT COMPANY INC,PENN PHARMACEUTICAL SERVICES INC,GOOD NEIGHBOR PHARMACY #6434 (CT),CT,745,0
2026-04-21,LANNETT COMPANY INC,MCKESSON CORPORATION,VILLAGE PHARMACY #2827 (MO),MO,0,1
2026-04-21,MYLAN PHARMACEUTICALS INC,MCKESSON CORPORATION,VILLAGE PHARMACY #8618 (LA),LA,367,0
2026-04-21,RHODES TECHNOLOGIES,VALUEDRUGCO,CVS PHARMACY #3583 (NM),NM,633,0
2026-04-21,ENDO PHARMACEUTICALS INC,NATIONAL WHOLESALE DRUG CO INC,VILLAGE PHARMACY #5786 (ME),ME,374,0
2026-04-21,AMNEAL PHARMACEUTICALS LLC,MIAMI-LUKEN INC,FAMILY CARE PHARMACY #2747 (SD),SD,702,0
2026-04-21,IMPAX LABORATORIES INC,HENRY SCHEIN INC,MAIN STREET PHARMACY #3572 (TN),TN,108,0
2026-04-21,VINTAGE PHARMACEUTICALS LLC,MORRIS & DICKSON CO LLC,HEALTH MART PHARMACY #2149 (CA),CA,449,0
2026-04-21,AMNEAL PHARMACEUTICALS LLC,MCKESSON CORPORATION,CORNER DRUG STORE #1891 (MT),MT,287,0
2026-04-21,HIKMA PHARMACEUTICALS,HD SMITH WHOLESALE DRUG CO,WALMART PHARMACY #3189 (ID),ID,542,0
2026-04-21,MYLAN PHARMACEUTICALS INC,KEYSOURCE MEDICAL INC,KROGER PHARMACY #4811 (WI),WI,126,0
2026-04-21,ABBOTT LABORATORIES,HENRY SCHEIN INC,MEDICO PHARMACY #6550 (VA),VA,200,0
2026-04-21,RHODES TECHNOLOGIES,BURLINGTON DRUG COMPANY INC,PUBLIX PHARMACY #1528 (VA),VA,105,0
2026-04-21,QUALITEST PHARMACEUTICALS,BURLINGTON DRUG COMPANY INC,SUNRISE PHARMACY #8451 (IN),IN,391,0
2026-04-21,PURDUE PHARMA LP,CARDINAL HEALTH INC,WALMART PHARMACY #2320 (VA),VA,746,0
2026-04-21,JANSSEN PHARMACEUTICALS INC,PENN PHARMACEUTICAL SERVICES INC,MAIN STREET PHARMACY #8342 (MI),MI,529,0
2026-04-21,CADISTA PHARMACEUTICALS INC,MIAMI-LUKEN INC,COMMUNITY PHARMACY #8076 (MA),MA,1281,0
2026-04-21,RHODES TECHNOLOGIES,VALUEDRUGCO,SUNRISE PHARMACY #5169 (MA),MA,189,0
2026-04-21,RHODES TECHNOLOGIES,NATIONAL WHOLESALE DRUG CO INC,GOOD NEIGHBOR PHARMACY #8085 (OH),OH,1093,0
2026-04-21,PAR PHARMACEUTICAL INC,HENRY SCHEIN INC,CORNER DRUG STORE #3499 (SD),SD,120,0
2026-04-21,PURDUE PHARMA LP,HENRY SCHEIN INC,CVS PHARMACY #7538 (LA),LA,41,0
2026-04-21,ENDO PHARMACEUTICALS INC,MIAMI-LUKEN INC,GOOD NEIGHBOR PHARMACY #7697 (PA),PA,586,0
2026-04-21,AMNEAL PHARMACEUTICALS LLC,DAKOTA DRUG INC,WALMART PHARMACY #8760 (TX),TX,167,0
2026-04-21,LANNETT COMPANY INC,HD SMITH WHOLESALE DRUG CO,CVS PHARMACY #6761 (LA),LA,48,0
2026-04-21,TEVA PHARMACEUTICALS USA INC,MORRIS & DICKSON CO LLC,RITE AID #3418 (WV),WV,270,0
2026-04-21,QUALITEST PHARMACEUTICALS,KINRAY LLC,QUALITY CARE PHARMACY #3729 (OH),OH,1222,0
2026-04-21,PURDUE PHARMA LP,PRESCRIPTION SUPPLY INC,WALGREENS #1766 (IA),IA,77,0
2026-04-21,WATSON LABORATORIES INC,BELLCO DRUG CORP,FAMILY CARE PHARMACY #4012 (VA),VA,362,0
2026-04-21,WATSON LABORATORIES INC,GULF COAST MEDICAL SUPPLY,WINN-DIXIE PHARMACY #4694 (OH),OH,240,0
2026-04-21,QUALITEST PHARMACEUTICALS,PENN PHARMACEUTICAL SERVICES INC,WALGREENS #6346 (OH),OH,120,0
2026-04-21,HIKMA PHARMACEUTICALS,MORRIS & DICKSON CO LLC,QUALITY CARE PHARMACY #8648 (GA),GA,233,0
2026-04-21,PURDUE PHARMA LP,BELLCO DRUG CORP,FAMILY CARE PHARMACY #1947 (OK),OK,0,1
2026-04-21,WATSON LABORATORIES INC,KEYSOURCE MEDICAL INC,HARRIS TEETER PHARMACY #5423 (HI),HI,945,0
2026-04-21,HIKMA PHARMACEUTICALS,MIAMI-LUKEN INC,MAIN STREET PHARMACY #1667 (MI),MI,54,0
2026-04-21,WATSON LABORATORIES INC,KINRAY LLC,WALMART PHARMACY #2320 (VA),VA,58,0
2026-04-21,PURDUE PHARMA LP,CARDINAL HEALTH INC,HEALTH MART PHARMACY #9760 (RI),RI,42,0
2026-04-21,CADISTA PHARMACEUTICALS INC,VALUEDRUGCO,MAIN STREET PHARMACY #2581 (NE),NE,124,0
2026-04-21,IMPAX LABORATORIES INC,BURLINGTON DRUG COMPANY INC,WALGREENS #8885 (WI),WI,1786,0
2026-04-21,QUALITEST PHARMACEUTICALS,DAKOTA DRUG INC,PEOPLES PHARMACY #3668 (MI),MI,176,0
2026-04-21,CADISTA PHARMACEUTICALS INC,PRESCRIPTION SUPPLY INC,HARRIS TEETER PHARMACY #3290 (NE),NE,147,0
2026-04-21,ABBOTT LABORATORIES,AMERISOURCEBERGEN DRUG CORP,HOMETOWN PHARMACY #6271 (AR),AR,616,0
2026-04-21,HIKMA PHARMACEUTICALS,BELLCO DRUG CORP,GOOD NEIGHBOR PHARMACY #4375 (OH),OH,293,0
2026-04-21,PURDUE PHARMA LP,KEYSOURCE MEDICAL INC,KROGER PHARMACY #3210 (CO),CO,243,0
2026-04-21,VINTAGE PHARMACEUTICALS LLC,SMITH DRUG COMPANY,WINN-DIXIE PHARMACY #9954 (NY),NY,501,0
2026-04-21,IMPAX LABORATORIES INC,MORRIS & DICKSON CO LLC,RITE AID #2643 (LA),LA,35,0
2026-04-21,ACTAVIS PHARMA INC,ANDA INC,RITE AID #9426 (WY),WY,153,0
2026-04-21,RHODES TECHNOLOGIES,GULF COAST MEDICAL SUPPLY,HOMETOWN PHARMACY #3673 (VA),VA,570,0
2026-04-21,QUALITEST PHARMACEUTICALS,GULF COAST MEDICAL SUPPLY,WALMART PHARMACY #6240 (NC),NC,20,0
2026-04-21,MALLINCKRODT LLC,HENRY SCHEIN INC,HOMETOWN PHARMACY #4042 (MN),MN,94,0
2026-04-21,MYLAN PHARMACEUTICALS INC,MCKESSON CORPORATION,RITE AID #3370 (AR),AR,31,0
2026-04-21,VINTAGE PHARMACEUTICALS LLC,NATIONAL WHOLESALE DRUG CO INC,WALGREENS #1949 (IN),IN,33,0
2026-04-21,HIKMA PHARMACEUTICALS,GULF COAST MEDICAL SUPPLY,WINN-DIXIE PHARMACY #3574 (OR),OR,671,0
2026-04-21,SANDOZ INC,SMITH DRUG COMPANY,WINN-DIXIE PHARMACY #8492 (ID),ID,483,0
2026-04-21,PURDUE PHARMA LP,BURLINGTON DRUG COMPANY INC,HOMETOWN PHARMACY #2773 (SD),SD,161,0
2026-04-21,VINTAGE PHARMACEUTICALS LLC,KEYSOURCE MEDICAL INC,QUALITY CARE PHARMACY #3905 (TN),TN,332,0
2026-04-21,SUN PHARMA GLOBAL INC,HENRY SCHEIN INC,COMMUNITY PHARMACY #6858 (LA),LA,248,0
2026-04-21,TEVA PHARMACEUTICALS USA INC,CARDINAL HEALTH INC,CORNER DRUG STORE #6747 (ID),ID,569,0
2026-04-21,TEVA PHARMACEUTICALS USA INC,DIRECT RX,WALGREENS #6125 (VA),VA,283,0
2026-04-21,HIKMA PHARMACEUTICALS,CARDINAL HEALTH INC,HARRIS TEETER PHARMACY #2772 (OR),OR,41,0
2026-04-21,CADISTA PHARMACEUTICALS INC,MIAMI-LUKEN INC,GOOD NEIGHBOR PHARMACY #2904 (CT),CT,345,0
2026-04-21,PURDUE PHARMA LP,KINRAY LLC,WINN-DIXIE PHARMACY #3112 (LA),LA,1019,0
2026-04-21,MYLAN PHARMACEUTICALS INC,NATIONAL WHOLESALE DRUG CO INC,CORNER DRUG STORE #7557 (TX),TX,0,1
2026-04-21,ACTAVIS PHARMA INC,HD SMITH WHOLESALE DRUG CO,HEALTH MART PHARMACY #3463 (TX),TX,233,0
2026-04-21,IMPAX LABORATORIES INC,KINRAY LLC,PEOPLES PHARMACY #7557 (OH),OH,25,0
2026-04-21,VINTAGE PHARMACEUTICALS LLC,PENN PHARMACEUTICAL SERVICES INC,WINN-DIXIE PHARMACY #7110 (AR),AR,700,0
2026-04-21,HIKMA PHARMACEUTICALS,CARDINAL HEALTH INC,SUNRISE PHARMACY #5581 (TN),TN,39,0
2026-04-21,MALLINCKRODT LLC,HENRY SCHEIN INC,HEALTH MART PHARMACY #9773 (SD),SD,269,0
2026-04-21,QUALITEST PHARMACEUTICALS,AMERISOURCEBERGEN DRUG CORP,PUBLIX PHARMACY #4056 (DE),DE,107,0
2026-04-21,CADISTA PHARMACEUTICALS INC,MIAMI-LUKEN INC,WINN-DIXIE PHARMACY #9193 (KY),KY,170,0
2026-04-21,TEVA PHARMACEUTICALS USA INC,MORRIS & DICKSON CO LLC,PUBLIX PHARMACY #9486 (MT),MT,114,0
2026-04-21,AMNEAL PHARMACEUTICALS LLC,CARDINAL HEALTH INC,WALGREENS #4909 (KS),KS,59,0
2026-04-21,MYLAN PHARMACEUTICALS INC,DIRECT RX,WALGREENS #6001 (TX),TX,523,0
2026-04-21,MYLAN PHARMACEUTICALS INC,KINRAY LLC,CORNER DRUG STORE #9066 (DE),DE,369,0
2026-04-21,MALLINCKRODT LLC,KEYSOURCE MEDICAL INC,GOOD NEIGHBOR PHARMACY #7166 (WA),WA,23,0
2026-04-21,RHODES TECHNOLOGIES,GULF COAST MEDICAL SUPPLY,MEDICO PHARMACY #9698 (PA),PA,1134,0
2026-04-21,JANSSEN PHARMACEUTICALS INC,PENN PHARMACEUTICAL SERVICES INC,HEALTH MART PHARMACY #7749 (AZ),AZ,214,0
2026-04-21,SUN PHARMA GLOBAL INC,DIRECT RX,KROGER PHARMACY #2159 (MD),MD,1511,0
2026-04-21,SUN PHARMA GLOBAL INC,KEYSOURCE MEDICAL INC,CVS PHARMACY #5523 (NC),NC,10743,0
2026-04-21,QUALITEST PHARMACEUTICALS,PENN PHARMACEUTICAL SERVICES INC,COMMUNITY PHARMACY #9334 (IN),IN,324,0
2026-04-21,MYLAN PHARMACEUTICALS INC,CARDINAL HEALTH INC,COMMUNITY PHARMACY #5644 (RI),RI,276,0
2026-04-21,HIKMA PHARMACEUTICALS,VALUEDRUGCO,CVS PHARMACY #3462 (VT),VT,270,0
2026-04-21,QUALITEST PHARMACEUTICALS,BELLCO DRUG CORP,COMMUNITY PHARMACY #2590 (PA),PA,784,0
2026-04-21,AMNEAL PHARMACEUTICALS LLC,GULF COAST MEDICAL SUPPLY,CVS PHARMACY #6085 (IN),IN,558,0
2026-04-21,WATSON LABORATORIES INC,ANDA INC,PEOPLES PHARMACY #2912 (WV),WV,64,0
2026-04-21,PURDUE PHARMA LP,AMERISOURCEBERGEN DRUG CORP,CVS PHARMACY #8191 (VT),VT,186,0
2026-04-21,SUN PHARMA GLOBAL INC,PENN PHARMACEUTICAL SERVICES INC,CVS PHARMACY #2875 (GA),GA,724,0
2026-04-21,HIKMA PHARMACEUTICALS,HD SMITH WHOLESALE DRUG CO,VILLAGE PHARMACY #7158 (OH),OH,182,0
2026-04-21,MYLAN PHARMACEUTICALS INC,DIRECT RX,PUBLIX PHARMACY #7790 (VT),VT,48,0
2026-04-21,ENDO PHARMACEUTICALS INC,CARDINAL HEALTH INC,WALGREENS #9697 (VA),VA,92,0
2026-04-21,ABBOTT LABORATORIES,NATIONAL WHOLESALE DRUG CO INC,GOOD NEIGHBOR PHARMACY #7031 (IL),IL,115,0
2026-04-21,JANSSEN PHARMACEUTICALS INC,VALUEDRUGCO,HOMETOWN PHARMACY #6267 (ME),ME,48,0
2026-04-21,PURDUE PHARMA LP,CARDINAL HEALTH INC,WALGREENS #5199 (AK),AK,0,1
2026-04-21,SANDOZ INC,HD SMITH WHOLESALE DRUG CO,HARRIS TEETER PHARMACY #2619 (RI),RI,60,0
2026-04-21,ENDO PHARMACEUTICALS INC,HENRY SCHEIN INC,HOMETOWN PHARMACY #7488 (TN),TN,95,0
2026-04-21,MYLAN PHARMACEUTICALS INC,HENRY SCHEIN INC,KROGER PHARMACY #2159 (MD),MD,682,0
2026-04-21,ENDO PHARMACEUTICALS INC,HENRY SCHEIN INC,CVS PHARMACY #9401 (NY),NY,130,0
2026-04-21,ENDO PHARMACEUTICALS INC,GULF COAST MEDICAL SUPPLY,HOMETOWN PHARMACY #8707 (WV),WV,274,0
2026-04-21,LANNETT COMPANY INC,AMERISOURCEBERGEN DRUG CORP,PUBLIX PHARMACY #1697 (MI),MI,471,0
2026-04-21,AMNEAL PHARMACEUTICALS LLC,BELLCO DRUG CORP,COMMUNITY PHARMACY #6124 (CA),CA,20,0
2026-04-21,AMNEAL PHARMACEUTICALS LLC,CARDINAL HEALTH INC,RITE AID #5521 (NE),NE,734,0
2026-04-21,SUN PHARMA GLOBAL INC,CARDINAL HEALTH INC,QUALITY CARE PHARMACY #5311 (NM),NM,72,0
2026-04-21,QUALITEST PHARMACEUTICALS,HENRY SCHEIN INC,GOOD NEIGHBOR PHARMACY #6452 (TX),TX,592,0
2026-04-21,JANSSEN PHARMACEUTICALS INC,VALUEDRUGCO,WALMART PHARMACY #5079 (LA),LA,102,0
2026-04-21,IMPAX LABORATORIES INC,BURLINGTON DRUG COMPANY INC,MEDICO PHARMACY #9075 (MT),MT,521,0
2026-04-21,QUALITEST PHARMACEUTICALS,BURLINGTON DRUG COMPANY INC,KROGER PHARMACY #3100 (MI),MI,439,0
2026-04-21,JANSSEN PHARMACEUTICALS INC,PRESCRIPTION SUPPLY INC,HOMETOWN PHARMACY #2658 (AL),AL,979,0
2026-04-21,SANDOZ INC,ANDA INC,WALGREENS #6014 (MI),MI,379,0
2026-04-21,PURDUE PHARMA LP,AMERISOURCEBERGEN DRUG CORP,GOOD NEIGHBOR PHARMACY #5688 (MI),MI,165,0
2026-04-21,AMNEAL PHARMACEUTICALS LLC,HENRY SCHEIN INC,COMMUNITY PHARMACY #6124 (CA),CA,918,0
2026-04-21,JANSSEN PHARMACEUTICALS INC,NATIONAL WHOLESALE DRUG CO INC,WALMART PHARMACY #6498 (AK),AK,49,0
2026-04-21,AMNEAL PHARMACEUTICALS LLC,BELLCO DRUG CORP,RITE AID #3210 (VA),VA,379,0
2026-04-21,HIKMA PHARMACEUTICALS,DIRECT RX,HARRIS TEETER PHARMACY #9591 (MS),MS,424,0
2026-04-21,RHODES TECHNOLOGIES,VALUEDRUGCO,WALMART PHARMACY #5853 (IL),IL,214,0
2026-04-21,IMPAX LABORATORIES INC,NATIONAL WHOLESALE DRUG CO INC,COMMUNITY PHARMACY #3567 (CT),CT,175,0
2026-04-21,ENDO PHARMACEUTICALS INC,MIAMI-LUKEN INC,HOMETOWN PHARMACY #7488 (TN),TN,202,0
2026-04-21,VINTAGE PHARMACEUTICALS LLC,DIRECT RX,WINN-DIXIE PHARMACY #9954 (NY),NY,69,0
2026-04-21,SANDOZ INC,VALUEDRUGCO,SUNRISE PHARMACY #7649 (PA),PA,1503,0
2026-04-21,MYLAN PHARMACEUTICALS INC,KEYSOURCE MEDICAL INC,PUBLIX PHARMACY #8653 (MI),MI,118,0
2026-04-21,MALLINCKRODT LLC,MCKESSON CORPORATION,CORNER DRUG STORE #4739 (MI),MI,1169,0
2026-04-21,CADISTA PHARMACEUTICALS INC,MIAMI-LUKEN INC,FAMILY CARE PHARMACY #1327 (ND),ND,706,0
2026-04-21,WATSON LABORATORIES INC,KINRAY LLC,HOMETOWN PHARMACY #3088 (ID),ID,59,0
2026-04-21,VINTAGE PHARMACEUTICALS LLC,KEYSOURCE MEDICAL INC,PEOPLES PHARMACY #5481 (AK),AK,0,1
2026-04-21,ABBOTT LABORATORIES,HD SMITH WHOLESALE DRUG CO,HARRIS TEETER PHARMACY #8332 (SD),SD,153,0
2026-04-21,CADISTA PHARMACEUTICALS INC,PRESCRIPTION SUPPLY INC,GOOD NEIGHBOR PHARMACY #6839 (WI),WI,106,0
2026-04-21,ACTAVIS PHARMA INC,BURLINGTON DRUG COMPANY INC,MAIN STREET PHARMACY #1358 (IN),IN,1331,0
2026-04-21,SUN PHARMA GLOBAL INC,MORRIS & DICKSON CO LLC,VILLAGE PHARMACY #1377 (VA),VA,153,0
2026-04-21,CADISTA PHARMACEUTICALS INC,PENN PHARMACEUTICAL SERVICES INC,CVS PHARMACY #2504 (VA),VA,92,0
2026-04-21,VINTAGE PHARMACEUTICALS LLC,DAKOTA DRUG INC,RITE AID #9225 (ME),ME,135,0
2026-04-21,RHODES TECHNOLOGIES,AMERISOURCEBERGEN DRUG CORP,MAIN STREET PHARMACY #3359 (NH),NH,547,0
2026-04-21,ABBOTT LABORATORIES,VALUEDRUGCO,MEDICO PHARMACY #4635 (MT),MT,173,0
2026-04-21,CADISTA PHARMACEUTICALS INC,VALUEDRUGCO,QUALITY CARE PHARMACY #5232 (TN),TN,39,0
2026-04-21,IMPAX LABORATORIES INC,KEYSOURCE MEDICAL INC,GOOD NEIGHBOR PHARMACY #9442 (VA),VA,776,0
2026-04-21,LANNETT COMPANY INC,DAKOTA DRUG INC,HOMETOWN PHARMACY #3994 (DE),DE,254,0
2026-04-21,TEVA PHARMACEUTICALS USA INC,GULF COAST MEDICAL SUPPLY,SUNRISE PHARMACY #1038 (NJ),NJ,285,0
2026-04-21,CADISTA PHARMACEUTICALS INC,CARDINAL HEALTH INC,RITE AID #9322 (LA),LA,137,0
2026-04-21,HIKMA PHARMACEUTICALS,DIRECT RX,PEOPLES PHARMACY #4886 (MD),MD,20,0
2026-04-21,PAR PHARMACEUTICAL INC,MORRIS & DICKSON CO LLC,GOOD NEIGHBOR PHARMACY #9997 (IA),IA,334,0
2026-04-21,IMPAX LABORATORIES INC,VALUEDRUGCO,MEDICO PHARMACY #5822 (TN),TN,366,0
2026-04-21,LANNETT COMPANY INC,VALUEDRUGCO,COMMUNITY PHARMACY #9756 (AR),AR,473,0
2026-04-21,CADISTA PHARMACEUTICALS INC,HD SMITH WHOLESALE DRUG CO,HEALTH MART PHARMACY #4409 (OH),OH,183,0
2026-04-21,JANSSEN PHARMACEUTICALS INC,BELLCO DRUG CORP,MEDICO PHARMACY #6745 (VA),VA,585,0
2026-04-21,IMPAX LABORATORIES INC,HD SMITH WHOLESALE DRUG CO,VILLAGE PHARMACY #8618 (LA),LA,638,0
2026-04-21,PAR PHARMACEUTICAL INC,BELLCO DRUG CORP,SUNRISE PHARMACY #9537 (KY),KY,67,0
2026-04-21,AMNEAL PHARMACEUTICALS LLC,PENN PHARMACEUTICAL SERVICES INC,MAIN STREET PHARMACY #2094 (KY),KY,174,0
2026-04-21,ACTAVIS PHARMA INC,MIAMI-LUKEN INC,CVS PHARMACY #5032 (RI),RI,295,0
2026-04-21,PURDUE PHARMA LP,BURLINGTON DRUG COMPANY INC,HARRIS TEETER PHARMACY #2205 (IA),IA,175,0
2026-04-21,JANSSEN PHARMACEUTICALS INC,MORRIS & DICKSON CO LLC,PEOPLES PHARMACY #2207 (MD),MD,53,0
2026-04-21,RHODES TECHNOLOGIES,HENRY SCHEIN INC,WALGREENS #1233 (SC),SC,1371,0
2026-04-21,MYLAN PHARMACEUTICALS INC,HENRY SCHEIN INC,CORNER DRUG STORE #8030 (TX),TX,367,0
2026-04-21,IMPAX LABORATORIES INC,GULF COAST MEDICAL SUPPLY,MEDICO PHARMACY #6031 (OR),OR,1245,0
2026-04-21,ABBOTT LABORATORIES,MCKESSON CORPORATION,PUBLIX PHARMACY #3067 (WI),WI,227,0
2026-04-21,JANSSEN PHARMACEUTICALS INC,PENN PHARMACEUTICAL SERVICES INC,SUNRISE PHARMACY #5169 (MA),MA,0,1
2026-04-21,LANNETT COMPANY INC,HD SMITH WHOLESALE DRUG CO,MEDICO PHARMACY #8186 (MO),MO,799,0
2026-04-21,QUALITEST PHARMACEUTICALS,PRESCRIPTION SUPPLY INC,PEOPLES PHARMACY #6674 (NJ),NJ,243,0
2026-04-21,PAR PHARMACEUTICAL INC,MORRIS & DICKSON CO LLC,CORNER DRUG STORE #2632 (NV),NV,131,0
2026-04-21,AMNEAL PHARMACEUTICALS LLC,MCKESSON CORPORATION,VILLAGE PHARMACY #5606 (RI),RI,1527,0
2026-04-21,SUN PHARMA GLOBAL INC,DIRECT RX,KROGER PHARMACY #2900 (MI),MI,60,0
2026-04-21,MALLINCKRODT LLC,KINRAY LLC,WALMART PHARMACY #4463 (AK),AK,140,0
2026-04-21,ENDO PHARMACEUTICALS INC,ANDA INC,WALMART PHARMACY #5220 (ME),ME,808,0
2026-04-21,VINTAGE PHARMACEUTICALS LLC,DAKOTA DRUG INC,HOMETOWN PHARMACY #8152 (WV),WV,140,0
2026-04-21,MYLAN PHARMACEUTICALS INC,PRESCRIPTION SUPPLY INC,SUNRISE PHARMACY #8405 (VA),VA,117,0
2026-04-21,SANDOZ INC,CARDINAL HEALTH INC,HEALTH MART PHARMACY #9073 (NY),NY,194,0
2026-04-21,JANSSEN PHARMACEUTICALS INC,KEYSOURCE MEDICAL INC,FAMILY CARE PHARMACY #7438 (PA),PA,571,0
2026-04-21,MYLAN PHARMACEUTICALS INC,VALUEDRUGCO,QUALITY CARE PHARMACY #1509 (MO),MO,533,0
2026-04-21,QUALITEST PHARMACEUTICALS,KEYSOURCE MEDICAL INC,CORNER DRUG STORE #6008 (HI),HI,48,0
2026-04-21,IMPAX LABORATORIES INC,VALUEDRUGCO,WINN-DIXIE PHARMACY #7956 (DE),DE,49,0
2026-04-21,ABBOTT LABORATORIES,AMERISOURCEBERGEN DRUG CORP,RITE AID #8832 (DE),DE,917,0
2026-04-21,HIKMA PHARMACEUTICALS,NATIONAL WHOLESALE DRUG CO INC,WINN-DIXIE PHARMACY #8378 (VA),VA,558,0
2026-04-21,JANSSEN PHARMACEUTICALS INC,MORRIS & DICKSON CO LLC,GOOD NEIGHBOR PHARMACY #4375 (OH),OH,190,0
2026-04-21,JANSSEN PHARMACEUTICALS INC,MCKESSON CORPORATION,PUBLIX PHARMACY #5703 (RI),RI,494,0
2026-04-21,HIKMA PHARMACEUTICALS,PENN PHARMACEUTICAL SERVICES INC,HARRIS TEETER PHARMACY #7528 (IN),IN,111,0
2026-04-21,HIKMA PHARMACEUTICALS,HD SMITH WHOLESALE DRUG CO,MEDICO PHARMACY #3984 (MA),MA,336,0
2026-04-21,SANDOZ INC,MORRIS & DICKSON CO LLC,WINN-DIXIE PHARMACY #6589 (GA),GA,1713,0
2026-04-21,MYLAN PHARMACEUTICALS INC,NATIONAL WHOLESALE DRUG CO INC,MEDICO PHARMACY #2378 (MD),MD,2130,0
2026-04-21,JANSSEN PHARMACEUTICALS INC,PENN PHARMACEUTICAL SERVICES INC,HEALTH MART PHARMACY #4191 (NV),NV,248,0
2026-04-21,MALLINCKRODT LLC,MIAMI-LUKEN INC,CVS PHARMACY #6414 (OK),OK,314,0
2026-04-21,MALLINCKRODT LLC,BURLINGTON DRUG COMPANY INC,COMMUNITY PHARMACY #9734 (IN),IN,99,0
2026-04-21,WATSON LABORATORIES INC,CARDINAL HEALTH INC,WALMART PHARMACY #9266 (IN),IN,49,0
2026-04-21,ACTAVIS PHARMA INC,MIAMI-LUKEN INC,KROGER PHARMACY #2068 (MN),MN,479,0
2026-04-21,WATSON LABORATORIES INC,KINRAY LLC,SUNRISE PHARMACY #4402 (PA),PA,113,0
2026-04-21,ENDO PHARMACEUTICALS INC,BELLCO DRUG CORP,QUALITY CARE PHARMACY #6762 (GA),GA,189,0
2026-04-21,ACTAVIS PHARMA INC,KINRAY LLC,VILLAGE PHARMACY #2028 (TN),TN,0,1
2026-04-21,ABBOTT LABORATORIES,KEYSOURCE MEDICAL INC,MAIN STREET PHARMACY #9832 (OH),OH,351,0
2026-04-21,HIKMA PHARMACEUTICALS,BELLCO DRUG CORP,COMMUNITY PHARMACY #3782 (NC),NC,72,0
2026-04-21,ENDO PHARMACEUTICALS INC,ANDA INC,CORNER DRUG STORE #5842 (PA),PA,264,0
2026-04-21,MALLINCKRODT LLC,DAKOTA DRUG INC,HARRIS TEETER PHARMACY #1357 (KS),KS,55,0
2026-04-21,ACTAVIS PHARMA INC,BURLINGTON DRUG COMPANY INC,WINN-DIXIE PHARMACY #5962 (PA),PA,325,0
2026-04-21,MALLINCKRODT LLC,KEYSOURCE MEDICAL INC,SUNRISE PHARMACY #1679 (NY),NY,253,0
2026-04-21,IMPAX LABORATORIES INC,SMITH DRUG COMPANY,GOOD NEIGHBOR PHARMACY #8685 (FL),FL,90,0
2026-04-21,IMPAX LABORATORIES INC,DAKOTA DRUG INC,HEALTH MART PHARMACY #8815 (OH),OH,75,0
